"","","2019","2019","2019","2015","2015","2015","2010","2010","2010","2005","2005","2005","2000","2000","2000"
"Indicator","Age Group"," Both sexes"," Male"," Female"," Both sexes"," Male"," Female"," Both sexes"," Male"," Female"," Both sexes"," Male"," Female"," Both sexes"," Male"," Female"
"nMx - age-specific death rate between ages x and x+n"," &lt;1 year","0.005520432","0.005999666","0.005019533","0.006234079","0.006760918","0.005682661","0.005857752","0.006383959","0.005307155","0.006559141","0.007220728","0.0058664","0.007541347","0.008286814","0.006764539"
"nMx - age-specific death rate between ages x and x+n"," 1-4 years","0.000227104","0.000251593","0.000201505","0.00024629","0.000276957","0.00021421","0.000261491","0.000290928","0.000230686","0.00031095","0.000351192","0.000268876","0.000314943","0.000349305","0.000278981"
"nMx - age-specific death rate between ages x and x+n"," 5-9 years","0.000121978","0.000135127","0.000108226","0.0001146","0.000128753","9.98E-05","0.000114352","0.000126874","0.00010125","0.000152981","0.00016376","0.000141703","0.000156388","0.000173696","0.000138239"
"nMx - age-specific death rate between ages x and x+n"," 10-14 years","0.000152585","0.000178153","0.00012587","0.000145844","0.000168427","0.000122231","0.000143303","0.000163954","0.000121653","0.00018593","0.000220784","0.000149279","0.000200977","0.000240549","0.000159494"
"nMx - age-specific death rate between ages x and x+n"," 15-19  years","0.000477383","0.000661341","0.000285938","0.000477732","0.000660606","0.000286894","0.000495352","0.000697652","0.000281853","0.000650877","0.000912862","0.000373324","0.000681909","0.000951177","0.000398408"
"nMx - age-specific death rate between ages x and x+n"," 20-24 years","0.000898335","0.001300168","0.0004815","0.000884386","0.001292518","0.000457112","0.000867746","0.001269937","0.000447726","0.001016818","0.001514334","0.000495906","0.000936316","0.001385793","0.000468726"
"nMx - age-specific death rate between ages x and x+n"," 25-29 years","0.001165264","0.001639255","0.000672314","0.001064594","0.001505139","0.000607676","0.000984724","0.001393374","0.000568627","0.001027177","0.001491861","0.000558825","0.000919416","0.001297904","0.000531447"
"nMx - age-specific death rate between ages x and x+n"," 30-34 years","0.001482499","0.001966183","0.000984953","0.001298532","0.001740442","0.000850446","0.001115891","0.001500599","0.000730715","0.001153273","0.001548168","0.000754737","0.001109074","0.001460272","0.000743233"
"nMx - age-specific death rate between ages x and x+n"," 35-39 years","0.001784703","0.002287992","0.001278144","0.001560477","0.002009917","0.001111721","0.001409277","0.001778929","0.00104108","0.001522576","0.00191832","0.001116615","0.001605087","0.002038982","0.001158671"
"nMx - age-specific death rate between ages x and x+n"," 40-44 years","0.002124369","0.002633023","0.00161936","0.002075028","0.002549018","0.001604204","0.002014032","0.002455726","0.001564144","0.002382556","0.002953042","0.001802621","0.002398684","0.003043104","0.001752786"
"nMx - age-specific death rate between ages x and x+n"," 45-49 years","0.003042303","0.003664498","0.002424855","0.003088375","0.003699435","0.002468806","0.003284994","0.003998416","0.002565133","0.003582402","0.004466863","0.00270452","0.00349996","0.004499405","0.00251769"
"nMx - age-specific death rate between ages x and x+n"," 50-54 years","0.004788726","0.005707536","0.003863206","0.004978294","0.006033829","0.003921995","0.004959513","0.006128729","0.003812563","0.005209467","0.006620971","0.003839006","0.005115396","0.006472721","0.003820896"
"nMx - age-specific death rate between ages x and x+n"," 55-59 years","0.007799572","0.009469766","0.006157265","0.007403056","0.009169085","0.005694987","0.007105279","0.00902967","0.00527157","0.007428915","0.009384777","0.005592334","0.008016957","0.010109579","0.006095868"
"nMx - age-specific death rate between ages x and x+n"," 60-64 years","0.010749545","0.013442595","0.008211105","0.010469535","0.01318686","0.007935546","0.010259604","0.01284846","0.007877218","0.01148704","0.014350214","0.008912347","0.012298283","0.014997715","0.009781185"
"nMx - age-specific death rate between ages x and x+n"," 65-69 years","0.014893779","0.018365065","0.011760426","0.014998579","0.018559369","0.011811053","0.015509238","0.019167672","0.012309116","0.016709372","0.020094218","0.013644879","0.019235789","0.02374368","0.015343695"
"nMx - age-specific death rate between ages x and x+n"," 70-74 years","0.023422847","0.02897608","0.01865392","0.023196117","0.028275396","0.018913617","0.023183707","0.02758377","0.019357148","0.026494322","0.032233939","0.021756896","0.029552933","0.036998057","0.02366236"
"nMx - age-specific death rate between ages x and x+n"," 75-79 years","0.035503731","0.04179936","0.030455098","0.035777806","0.041888646","0.030735134","0.037577184","0.044942481","0.031849468","0.041618679","0.05062242","0.034967003","0.04577231","0.056780482","0.038002019"
"nMx - age-specific death rate between ages x and x+n"," 80-84 years","0.057805257","0.065844337","0.051638251","0.060336703","0.070618259","0.052930768","0.060725457","0.07242234","0.052867087","0.070066157","0.083836918","0.061313075","0.072417286","0.088635554","0.062647433"
"nMx - age-specific death rate between ages x and x+n"," 85+ years","0.138644292","0.147244865","0.133729522","0.138187376","0.148780679","0.13254405","0.141535443","0.154830489","0.135002959","0.151252118","0.165682791","0.144767616","0.159569013","0.179480053","0.151431874"
"nqx - probability of dying between ages x and x+n"," &lt;1 year","0.00549314","0.005967444","0.004996959","0.006199296","0.006720028","0.005653745","0.005827032","0.006347489","0.005281927","0.006520648","0.007174106","0.00583559","0.007490507","0.008225467","0.006723605"
"nqx - probability of dying between ages x and x+n"," 1-4 years","0.000907922","0.001005766","0.00080563","0.000984577","0.001107092","0.0008564","0.001045306","0.0011629","0.000922235","0.001242873","0.001403587","0.001074811","0.001258821","0.001396049","0.001115177"
"nqx - probability of dying between ages x and x+n"," 5-9 years","0.000609703","0.000675409","0.000540981","0.000572835","0.000643559","0.00049886","0.000571597","0.000634169","0.00050612","0.000764615","0.000818463","0.000708263","0.000781635","0.000868101","0.000690954"
"nqx - probability of dying between ages x and x+n"," 10-14 years","0.000762635","0.000890368","0.000629152","0.000728953","0.000841781","0.000610968","0.000716258","0.000819435","0.000608082","0.000929221","0.001103313","0.000746115","0.001004382","0.001202023","0.000797154"
"nqx - probability of dying between ages x and x+n"," 15-19  years","0.002384068","0.003301246","0.001428669","0.002385811","0.003297582","0.001433441","0.002473695","0.003482185","0.001408272","0.003249097","0.004553918","0.001864882","0.003403744","0.004744604","0.001990058"
"nqx - probability of dying between ages x and x+n"," 20-24 years","0.00448161","0.006479777","0.002404608","0.004412173","0.006441772","0.002282949","0.004329339","0.006329591","0.002236127","0.005071198","0.007543111","0.002476461","0.004670646","0.006905044","0.002340887"
"nqx - probability of dying between ages x and x+n"," 25-29 years","0.005809394","0.008162824","0.00335593","0.005308838","0.007497485","0.003033774","0.004911527","0.006942687","0.002839097","0.005122728","0.007431585","0.002790228","0.004586538","0.006468534","0.002653708"
"nqx - probability of dying between ages x and x+n"," 30-34 years","0.007385121","0.009782829","0.004912667","0.006471653","0.008664511","0.004243206","0.005563933","0.007474954","0.003646915","0.005749789","0.007710996","0.003766578","0.005530037","0.0072748","0.003709275"
"nqx - probability of dying between ages x and x+n"," 35-39 years","0.00888388","0.011374898","0.006370365","0.007772065","0.009999339","0.005543198","0.007021648","0.008855263","0.005191888","0.007584011","0.00954582","0.005567534","0.007993361","0.010143206","0.005776624"
"nqx - probability of dying between ages x and x+n"," 40-44 years","0.010565732","0.013079019","0.008064154","0.010321596","0.012664388","0.00798898","0.01001971","0.012203709","0.007790259","0.011842245","0.014657002","0.008972671","0.011921926","0.015100637","0.008725694"
"nqx - probability of dying between ages x and x+n"," 45-49 years","0.015096694","0.018156156","0.012051218","0.015323561","0.018327671","0.012268312","0.01629118","0.019794218","0.01274394","0.017753012","0.022087658","0.013431784","0.017348008","0.022246784","0.012509713"
"nqx - probability of dying between ages x and x+n"," 50-54 years","0.023660371","0.02813621","0.019131261","0.024585484","0.029720821","0.019419568","0.02449387","0.030181212","0.018882836","0.025712463","0.032565813","0.019012557","0.025254017","0.031848243","0.018923717"
"nqx - probability of dying between ages x and x+n"," 55-59 years","0.038251986","0.0462538","0.03031961","0.036342662","0.044818072","0.028075213","0.034906347","0.044151664","0.026015","0.036467295","0.045848196","0.027576133","0.039297176","0.049301841","0.030021816"
"nqx - probability of dying between ages x and x+n"," 60-64 years","0.052341116","0.065027625","0.040229699","0.051012481","0.063830006","0.03890588","0.050015178","0.062242982","0.038625439","0.055831842","0.06926611","0.043590499","0.059657212","0.072278541","0.047738574"
"nqx - probability of dying between ages x and x+n"," 65-69 years","0.071795623","0.087794449","0.057122664","0.072282554","0.088682135","0.057361516","0.074651711","0.091455868","0.059708195","0.080196768","0.095665292","0.06597388","0.091765966","0.11206624","0.07388433"
"nqx - probability of dying between ages x and x+n"," 70-74 years","0.110635727","0.135094151","0.089113794","0.109623486","0.132043054","0.090298409","0.10956805","0.129021593","0.092318196","0.124242321","0.14915043","0.103172685","0.137598561","0.169328245","0.11170386"
"nqx - probability of dying between ages x and x+n"," 75-79 years","0.163046736","0.189223269","0.14150186","0.164202056","0.189589149","0.142710133","0.171751111","0.20201479","0.14750264","0.188482422","0.224677769","0.160780025","0.205361838","0.248611684","0.173524399"
"nqx - probability of dying between ages x and x+n"," 80-84 years","0.252532082","0.282688152","0.228670848","0.262141613","0.300108453","0.233725643","0.263607994","0.306599979","0.233477275","0.298111899","0.346550315","0.265819802","0.306581863","0.362787986","0.270821489"
"nqx - probability of dying between ages x and x+n"," 85+ years","1","1","1","1","1","1","1","1","1","1","1","1","1","1","1"
"lx - number of people left alive at age x"," &lt;1 year","1.00E+05","1.00E+05","1.00E+05","1.00E+05","1.00E+05","1.00E+05","1.00E+05","1.00E+05","1.00E+05","1.00E+05","1.00E+05","1.00E+05","1.00E+05","1.00E+05","1.00E+05"
"lx - number of people left alive at age x"," 1-4 years","99450.68605","99403.25561","99500.30408","99380.07036","99327.99724","99434.62548","99417.29675","99365.25111","99471.80735","99347.93523","99282.58942","99416.44103","99250.9493","99177.4533","99327.63948"
"lx - number of people left alive at age x"," 5-9 years","99360.39254","99303.27924","99420.14367","99282.22306","99218.03199","99349.46968","99313.37521","99249.69924","99380.07097","99224.45841","99143.2377","99309.58712","99126.0101","99038.99673","99216.87158"
"lx - number of people left alive at age x"," 10-14 years","99299.8122","99236.20894","99366.35922","99225.35078","99154.17929","99299.90819","99256.60801","99186.75812","99329.77275","99148.58993","99062.09265","99239.24981","99048.52976","98953.02083","99148.31727"
"lx - number of people left alive at age x"," 15-19  years","99224.08267","99147.8522","99303.84269","99153.02015","99070.71323","99239.23912","99185.51462","99105.48106","99269.37208","99056.45903","98952.79618","99165.20591","98949.04719","98834.07699","99069.28076"
"lx - number of people left alive at age x"," 20-24 years","98987.52573","98820.54074","99161.9704","98916.45976","98744.01938","99096.98555","98940.15995","98760.3774","99129.57379","98734.61499","98502.17325","98980.27452","98612.24997","98365.14846","98872.12713"
"lx - number of people left alive at age x"," 25-29 years","98543.90226","98180.20565","98923.52476","98480.02325","98107.93289","98870.75217","98511.81449","98135.26461","98907.90746","98233.91217","97759.16044","98735.15378","98151.66703","97685.93283","98640.67864"
"lx - number of people left alive at age x"," 30-34 years","97971.42186","97378.77787","98591.54431","97957.20873","97372.37009","98570.80069","98027.97106","97453.94219","98627.09834","97730.68655","97032.65489","98459.66017","97701.4907","97054.04809","98378.91509"
"lx - number of people left alive at age x"," 35-39 years","97247.89101","96426.13797","98107.1969","97323.26371","96528.68616","98152.54448","97482.55","96725.47846","98267.41372","97168.75568","96284.43643","98088.80422","97161.19783","96347.99926","98014.00065"
"lx - number of people left alive at age x"," 40-44 years","96383.95244","95329.3005","97482.21821","96566.861","95563.46309","97608.46552","96798.06184","95868.94887","97757.22035","96431.82675","95365.32257","97542.69144","96384.5533","95370.72163","97447.81061"
"lx - number of people left alive at age x"," 45-49 years","95365.58544","94082.48674","96696.10659","95570.13685","94353.21035","96828.67342","95828.17336","94698.99208","96995.66626","95289.85744","93967.55283","96667.47301","95235.46374","93930.56301","96597.51079"
"lx - number of people left alive at age x"," 50-54 years","93925.88035","92374.31044","95530.80074","94105.66206","92623.93577","95640.74906","94267.01934","92824.49956","95759.55928","93598.1755","91892.02968","95369.05642","93583.31812","91840.91005","95389.1036"
"lx - number of people left alive at age x"," 55-59 years","91703.55916","89775.24745","93703.17607","91792.02883","89871.07638","93783.44708","91958.05518","90022.94367","93951.34724","91191.53588","88899.49099","93555.84684","91219.96342","88915.93844","93583.98723"
"lx - number of people left alive at age x"," 60-64 years","88195.71591","85622.80112","90862.13227","88456.06211","85843.22804","91150.45679","88748.13541","86048.28094","91507.20291","87866.02722","84823.60966","90975.93839","87635.27646","84532.219","90774.42602"
"lx - number of people left alive at age x"," 65-69 years","83579.45375","80054.95375","87206.77606","83943.69892","80363.8543","87604.16803","84309.38164","80692.3793","87972.69706","82960.30512","78948.20823","87010.25186","82407.20023","78422.35356","86440.98436"
"lx - number of people left alive at age x"," 70-74 years","77578.81479","73026.57316","82225.29268","77876.03394","73237.01616","82579.06013","78015.54206","73312.58772","82720.00615","76307.15681","71395.60484","81269.84794","74845.02388","69633.85526","80054.35015"
"lx - number of people left alive at age x"," 75-79 years","68995.82622","63161.11024","74897.88491","69338.99161","63566.57689","75122.30235","69467.53123","63853.68084","75083.44438","66826.57854","60746.91964","72885.0195","64546.45632","57842.87678","71111.97025"
"lx - number of people left alive at age x"," 80-84 years","57746.28198","51209.55846","64299.69491","57953.38663","51515.04366","64401.58859","57536.40557","50954.29289","64008.43815","54230.94318","47098.43727","61166.56428","51291.07745","43462.46179","58772.30832"
"lx - number of people left alive at age x"," 85+ years","43163.49315","36733.22304","49596.22913","42761.39241","36054.94362","49349.28586","42369.34909","35331.70777","49063.92241","38064.05375","30776.45898","44907.28025","35566.16338","27694.80282","42855.50426"
"ndx - number of people dying between ages x and x+n"," &lt;1 year","549.3139531","596.7443883","499.6959151","619.9296355","672.0027597","565.3745201","582.7032498","634.7488859","528.1926546","652.0647671","717.4105843","583.5589671","749.0506968","822.5466975","672.3605211"
"ndx - number of people dying between ages x and x+n"," 1-4 years","90.29350523","99.97637599","80.16041263","97.84730465","109.9652515","85.15579888","103.9215374","115.5518751","91.73637984","123.4768269","139.351719","106.8539161","124.9392029","138.4565705","110.7679026"
"ndx - number of people dying between ages x and x+n"," 5-9 years","60.58034074","67.07029439","53.78445639","56.87228385","63.8527021","49.56148774","56.76720501","62.94111683","50.2982188","75.86847409","81.14504974","70.33730962","77.48033956","85.97589924","68.55430892"
"ndx - number of people dying between ages x and x+n"," 10-14 years","75.72952689","88.35674239","62.51652769","72.33063039","83.46605593","60.66906946","71.09338373","81.27706281","60.40066487","92.13090375","109.2964642","74.04390216","99.4825662","118.9438461","79.03651061"
"ndx - number of people dying between ages x and x+n"," 15-19  years","236.5569396","327.311457","141.8722906","236.560385","326.6938473","142.2535777","245.3546778","345.1036563","139.7982949","321.8440376","450.6229319","184.9313833","336.7972259","468.9285241","197.1536288"
"ndx - number of people dying between ages x and x+n"," 20-24 years","443.6234727","640.3350899","238.4456389","436.436509","636.0864912","226.2333797","428.3454604","625.1127978","221.6663265","500.7028237","743.0128068","245.1207459","460.5829391","679.2156334","231.4484922"
"ndx - number of people dying between ages x and x+n"," 25-29 years","572.4804015","801.4277854","331.9804521","522.8145194","735.5628021","299.9514734","483.84343","681.3224157","280.80912","503.2256212","726.5055586","275.4936098","450.1763278","631.8847412","261.7635503"
"ndx - number of people dying between ages x and x+n"," 30-34 years","723.5308496","952.6398967","484.3474052","633.9450204","843.6839313","418.2562156","545.4210523","728.4637342","359.6846192","561.9308625","748.2184561","370.8559454","540.2928731","706.048824","364.9144383"
"ndx - number of people dying between ages x and x+n"," 35-39 years","863.9385704","1096.837471","624.9786953","756.4027109","965.223073","544.0789533","684.4881681","856.5295901","510.1933681","736.9289351","919.1138625","546.1127772","776.6445311","977.2776354","566.1900415"
"ndx - number of people dying between ages x and x+n"," 40-44 years","1018.367004","1246.813756","786.1116194","996.7241532","1210.252737","779.7921089","969.8884737","1169.95678","761.5540928","1141.969307","1397.769736","875.2184328","1149.089556","1440.158617","850.2998198"
"ndx - number of people dying between ages x and x+n"," 45-49 years","1439.705086","1708.176302","1165.305845","1464.47479","1729.274577","1187.924353","1561.154021","1874.492524","1236.106982","1691.681943","2075.523151","1298.416594","1652.145622","2089.652964","1208.407181"
"ndx - number of people dying between ages x and x+n"," 50-54 years","2222.321194","2599.062987","1827.624675","2313.633228","2752.859393","1857.301982","2308.964156","2801.555895","1808.212038","2406.639621","2992.538686","1813.209579","2363.354698","2924.97161","1805.116373"
"ndx - number of people dying between ages x and x+n"," 55-59 years","3507.843249","4152.446331","2841.043795","3335.966723","4027.848337","2632.990293","3209.919778","3974.662722","2444.144329","3325.508656","4075.88133","2579.908448","3584.686963","4383.719437","2809.561215"
"ndx - number of people dying between ages x and x+n"," 60-64 years","4616.262157","5567.847373","3655.356209","4512.363185","5479.373746","3546.28876","4438.753771","5355.901639","3534.505848","4905.722107","5875.401439","3965.68653","5228.076231","6109.865445","4333.441657"
"ndx - number of people dying between ages x and x+n"," 65-69 years","6000.638959","7028.380586","4981.483387","6067.664983","7126.838136","5025.107895","6293.83958","7379.791583","5252.690908","6653.148303","7552.603389","5740.403921","7562.176352","8788.498294","6386.634213"
"ndx - number of people dying between ages x and x+n"," 70-74 years","8582.988569","9865.462925","7327.40777","8537.042332","9670.439272","7456.757781","8548.010822","9458.906878","7636.56177","9480.578276","10648.6852","8384.828433","10298.56755","11790.97848","8942.379892"
"ndx - number of people dying between ages x and x+n"," 75-79 years","11249.54424","11951.55177","10598.18999","11385.60497","12051.53322","10720.71376","11931.12566","12899.38796","11075.00624","12595.63535","13648.48237","11718.45522","13255.37888","14380.41499","12339.66194"
"ndx - number of people dying between ages x and x+n"," 80-84 years","14582.78882","14476.33543","14703.46579","15191.99422","15460.10004","15052.30273","15167.05648","15622.58512","14944.51574","16166.88943","16321.97829","16259.28403","15724.91407","15767.65897","15916.80406"
"ndx - number of people dying between ages x and x+n"," 85+ years","43163.49315","36733.22304","49596.22913","42761.39241","36054.94362","49349.28586","42369.34909","35331.70777","49063.92241","38064.05375","30776.45898","44907.28025","35566.16338","27694.80282","42855.50426"
"nLx - person-years lived between ages x and x+n"," &lt;1 year","99505.61744","99462.93005","99550.27368","99442.06333","99395.19752","99491.16293","99475.56708","99428.726","99524.62661","99413.14171","99354.33047","99474.79693","99325.85437","99259.70797","99394.87553"
"nLx - person-years lived between ages x and x+n"," 1-4 years","397586.0398","397373.0791","397808.8313","397285.4479","397048.0724","397534.128","397419.7753","397183.68","397667.0621","397095.3965","396795.9135","397409.3147","396703.9431","396377.5174","397044.7149"
"nLx - person-years lived between ages x and x+n"," 5-9 years","496650.5119","496348.7204","496966.2572","496268.9346","495930.5282","496623.4447","496424.9581","496091.1434","496774.6093","495932.6208","495513.3259","496372.0923","495436.3497","494980.0439","495912.9721"
"nLx - person-years lived between ages x and x+n"," 10-14 years","496309.7372","495960.1529","496675.5048","495945.9273","495562.2313","496347.8683","496105.3066","495730.598","496497.8621","495512.6224","495037.2221","496011.1393","494993.9424","494467.7445","495543.9951"
"nLx - person-years lived between ages x and x+n"," 15-19  years","495529.021","494920.9824","496164.5327","495173.6998","494536.8315","495840.5617","495314.1864","494664.6462","495997.3647","494477.685","493637.4236","495363.7011","493903.2429","492998.0636","494853.5197"
"nLx - person-years lived between ages x and x+n"," 20-24 years","493828.57","492501.866","495213.7379","493491.2075","492129.8807","494919.3443","493629.9361","492239.105","495093.7031","492421.3179","490653.3342","494288.5707","491909.7925","490127.7032","493782.0144"
"nLx - person-years lived between ages x and x+n"," 25-29 years","491288.3103","488897.4588","493787.6727","491093.08","488700.7575","493603.8821","491349.4639","488973.017","493837.5145","489911.4968","486979.5383","492987.0349","489632.8943","486849.9523","492548.9843"
"nLx - person-years lived between ages x and x+n"," 30-34 years","488048.2822","484512.2896","491746.853","488201.1811","484752.6406","491808.3629","488776.3026","485448.5516","492236.2802","487248.6056","483292.7283","491371.161","487156.7213","483505.1184","490982.2893"
"nLx - person-years lived between ages x and x+n"," 35-39 years","484079.6086","479388.5962","488973.5378","484725.3118","480230.3731","489402.525","485701.5296","481486.0683","490061.5852","484001.4561","479124.3975","489078.7392","483864.3778","479296.8022","488654.5281"
"nLx - person-years lived between ages x and x+n"," 40-44 years","479373.8447","473529.4681","485445.812","480342.4946","474791.6836","486092.8473","481565.588","476419.8524","486882.2165","479304.2105","473332.1885","485525.4111","479050.0426","473253.2116","485113.3035"
"nLx - person-years lived between ages x and x+n"," 45-49 years","473228.6645","466141.993","480567.2683","474189.4973","467442.8653","481173.5562","475237.9818","468808.7291","481888.0638","472220.0823","464648.9563","480091.3236","472046.9547","464428.6827","479966.536"
"nLx - person-years lived between ages x and x+n"," 50-54 years","464073.5988","455373.8947","473084.942","464744.2272","456237.5304","473560.4904","465562.6863","457118.6081","474277.2663","461974.2784","451978.8017","472312.2581","462008.2039","451892.1212","472432.7271"
"nLx - person-years lived between ages x and x+n"," 55-59 years","449748.1877","438495.1214","461413.2708","450620.2273","439285.7611","462334.7597","451765.4765","440178.0615","463646.3754","447643.9077","434307.7516","461329.4631","447138.0997","433620.3936","460896.0331"
"nLx - person-years lived between ages x and x+n"," 60-64 years","429437.9241","414194.3872","445172.2708","430999.4026","415517.7058","446886.562","432643.7926","416851.6506","448699.7499","427065.8308","409429.5447","444965.4756","425106.1917","407386.4314","443038.5259"
"nLx - person-years lived between ages x and x+n"," 65-69 years","402895.6714","382703.8173","423580.1718","404549.3322","384002.1761","425458.0704","405812.3092","385012.4176","426731.758","398168.6548","375859.5327","420700.2495","393130.5603","370140.522","416238.3363"
"nLx - person-years lived between ages x and x+n"," 70-74 years","366436.6025","340469.2085","392807.944","368037.5639","342008.9826","394253.4062","368707.6832","342915.6714","394508.6263","357834.3384","330356.3112","385387.1686","348478.7005","318691.8301","377915.801"
"nLx - person-years lived between ages x and x+n"," 75-79 years","316855.2705","285926.6718","347993.9495","318230.9456","287704.0514","348809.7274","317509.842","287019.9343","347729.7063","302643.8043","269613.3923","335128.9595","289593.8344","253263.3464","324710.6964"
"nLx - person-years lived between ages x and x+n"," 80-84 years","252274.4378","219856.9538","284739.8101","251786.9476","218924.9682","284377.1861","249764.3866","215715.0016","282680.9014","230737.4923","194687.2406","265184.6113","217143.1021","177893.1615","254069.5314"
"nLx - person-years lived between ages x and x+n"," 85+ years","272418.4181","222066.9194","320975.3495","270507.0344","216322.6907","321335.0243","263531.741","205825.4561","315460.3013","225628.442","170280.8933","274837.9319","202537.7423","143854.3504","253807.5185"
"Tx - person-years lived above age x"," &lt;1 year","7849568.318","7628124.511","8072667.99","7855634.526","7630524.928","8079852.91","7856298.513","7627110.918","8080195.573","7739235.385","7494882.827","7977819.402","7669160.55","7412286.705","7916906.903"
"Tx - person-years lived above age x"," 1-4 years","7750062.701","7528661.58","7973117.716","7756192.463","7531129.73","7980361.747","7756822.946","7527682.192","7980670.947","7639822.243","7395528.496","7878344.605","7569834.696","7313026.997","7817512.027"
"Tx - person-years lived above age x"," 5-9 years","7352476.661","7131288.501","7575308.885","7358907.015","7134081.658","7582827.619","7359403.171","7130498.512","7583003.884","7242726.846","6998732.583","7480935.291","7173130.753","6916649.479","7420467.312"
"Tx - person-years lived above age x"," 10-14 years","6855826.149","6634939.781","7078342.628","6862638.08","6638151.13","7086204.174","6862978.212","6634407.369","7086229.275","6746794.225","6503219.257","6984563.198","6677694.403","6421669.435","6924554.34"
"Tx - person-years lived above age x"," 15-19  years","6359516.412","6138979.628","6581667.123","6366692.153","6142588.899","6589856.306","6366872.906","6138676.771","6589731.413","6251281.603","6008182.035","6488552.059","6182700.461","5927201.691","6429010.345"
"Tx - person-years lived above age x"," 20-24 years","5863987.391","5644058.646","6085502.59","5871518.453","5648052.067","6094015.744","5871558.719","5644012.125","6093734.048","5756803.918","5514544.611","5993188.358","5688797.218","5434203.627","5934156.825"
"Tx - person-years lived above age x"," 25-29 years","5370158.821","5151556.78","5590288.852","5378027.246","5155922.186","5599096.4","5377928.783","5151773.02","5598640.345","5264382.6","5023891.277","5498899.787","5196887.425","4944075.924","5440374.811"
"Tx - person-years lived above age x"," 30-34 years","4878870.511","4662659.321","5096501.18","4886934.166","4667221.429","5105492.518","4886579.32","4662800.003","5104802.831","4774471.103","4536911.739","5005912.752","4707254.531","4457225.971","4947825.827"
"Tx - person-years lived above age x"," 35-39 years","4390822.229","4178147.031","4604754.327","4398732.984","4182468.788","4613684.155","4397803.017","4177351.451","4612566.551","4287222.498","4053619.01","4514541.591","4220097.81","3973720.853","4456843.537"
"Tx - person-years lived above age x"," 40-44 years","3906742.62","3698758.435","4115780.789","3914007.673","3702238.415","4124281.63","3912101.487","3695865.383","4122504.965","3803221.042","3574494.613","4025462.852","3736233.432","3494424.051","3968189.009"
"Tx - person-years lived above age x"," 45-49 years","3427368.775","3225228.967","3630334.977","3433665.178","3227446.732","3638188.783","3430535.899","3219445.53","3635622.749","3323916.831","3101162.424","3539937.441","3257183.389","3021170.839","3483075.706"
"Tx - person-years lived above age x"," 50-54 years","2954140.111","2759086.974","3149767.709","2959475.681","2760003.866","3157015.226","2955297.918","2750636.801","3153734.685","2851696.749","2636513.468","3059846.118","2785136.435","2556742.157","3003109.17"
"Tx - person-years lived above age x"," 55-59 years","2490066.512","2303713.079","2676682.767","2494731.454","2303766.336","2683454.736","2489735.231","2293518.193","2679457.419","2389722.47","2184534.666","2587533.859","2323128.231","2104850.035","2530676.443"
"Tx - person-years lived above age x"," 60-64 years","2040318.324","1865217.958","2215269.496","2044111.226","1864480.575","2221119.976","2037969.755","1853340.132","2215811.043","1942078.563","1750226.915","2126204.396","1875990.131","1671229.642","2069780.41"
"Tx - person-years lived above age x"," 65-69 years","1610880.4","1451023.571","1770097.225","1613111.824","1448962.869","1774233.414","1605325.962","1436488.481","1767111.293","1515012.732","1340797.37","1681238.921","1450883.94","1263843.21","1626741.884"
"Tx - person-years lived above age x"," 70-74 years","1207984.729","1068319.753","1346517.053","1208562.491","1064960.693","1348775.344","1199513.653","1051476.063","1340379.535","1116844.077","964937.8375","1260538.671","1057753.379","893702.6884","1210503.547"
"Tx - person-years lived above age x"," 75-79 years","841548.1264","727850.545","953709.1092","840524.9276","722951.7103","954521.9378","830805.9697","708560.392","945870.9091","759009.7386","634581.5263","875151.5027","709274.6788","575010.8583","832587.7463"
"Tx - person-years lived above age x"," 80-84 years","524692.8559","441923.8732","605715.1596","522293.982","435247.6589","605712.2104","513296.1277","421540.4577","598141.2027","456365.9343","364968.134","540022.5432","419680.8443","321747.5119","507877.0499"
"Tx - person-years lived above age x"," 85+ years","272418.4181","222066.9194","320975.3495","270507.0344","216322.6907","321335.0243","263531.741","205825.4561","315460.3013","225628.442","170280.8933","274837.9319","202537.7423","143854.3504","253807.5185"
"ex - expectation of life at age x"," &lt;1 year","78.49568318","76.28124511","80.7266799","78.55634526","76.30524928","80.7985291","78.56298513","76.27110918","80.80195573","77.39235385","74.94882827","79.77819402","76.6916055","74.12286705","79.16906903"
"ex - expectation of life at age x"," 1-4 years","77.92870023","75.73858154","80.13159145","78.04575338","75.82081528","80.2573722","78.02287126","75.75769303","80.23048097","76.899658","74.48968183","79.24589257","76.26964527","73.73678949","78.70429689"
"ex - expectation of life at age x"," 5-9 years","73.99806375","71.81322265","76.19490986","74.12109427","71.90307563","76.3247921","74.10284017","71.84403144","76.30306369","72.99336235","70.59213261","75.32943705","72.36375948","69.83763676","74.79037783"
"ex - expectation of life at age x"," 10-14 years","69.04168293","66.86006904","71.23479902","69.16214482","66.9477694","71.36163873","69.14379153","66.8880352","71.34043579","68.04730385","65.64790914","70.381056","67.41841014","64.89614345","69.8403617"
"ex - expectation of life at age x"," 15-19  years","64.09246869","61.91742425","66.27807087","64.21077385","62.00206598","66.40373671","64.19155993","61.94084026","66.38232191","63.1082684","60.71765798","65.4317409","62.48367858","59.97123534","64.89408519"
"ex - expectation of life at age x"," 20-24 years","59.23966023","57.11422548","61.36931896","59.35835621","57.19892812","61.49547043","59.34454445","57.14854756","61.47241248","58.30583244","55.98398928","60.54932043","57.68854498","55.24521349","60.01850064"
"ex - expectation of life at age x"," 25-29 years","54.49508998","52.47042156","56.51121779","54.61033688","52.55357069","56.63046227","54.59171381","52.49665388","56.60457782","53.59027737","51.39049123","55.69343417","52.94752074","50.61195385","55.15346089"
"ex - expectation of life at age x"," 30-34 years","49.79891501","47.88167836","51.69308601","49.88845873","47.93168149","51.79518155","49.84882648","47.84619173","51.75862331","48.8533466","46.75654545","50.84227128","48.17996632","45.92519384","50.29355957"
"ex - expectation of life at age x"," 35-39 years","45.15082212","43.33002565","46.93594835","45.19713804","43.32876531","47.0052425","45.11374617","43.18770522","46.93892284","44.12140989","42.10045944","46.02504463","43.43398295","41.24341848","45.47149905"
"ex - expectation of life at age x"," 40-44 years","40.53312321","38.79980673","42.22083642","40.53158228","38.74114955","42.25331899","40.41508077","38.55122463","42.17084887","39.43947937","37.48212156","41.26872852","38.76381956","36.64042791","40.72117151"
"ex - expectation of life at age x"," 45-49 years","35.93926215","34.28086436","37.54375543","35.92822289","34.20600867","37.57346511","35.79882386","33.99661875","37.48232152","34.88216816","33.00248151","36.61973703","34.2013706","32.16387449","36.05761347"
"ex - expectation of life at age x"," 50-54 years","31.45182244","29.86855286","32.97122692","31.44843377","29.79795496","33.00910185","31.35028495","29.63265963","32.93388889","30.4674395","28.69142707","32.08426541","29.76103531","27.83881557","31.48272765"
"ex - expectation of life at age x"," 55-59 years","27.15343368","25.66089367","28.56555006","27.17808382","25.63412422","28.61330885","27.07468341","25.47704063","28.51962742","26.20552936","24.57308408","27.65763923","25.46732254","23.67235922","27.04176769"
"ex - expectation of life at age x"," 60-64 years","23.1339845","21.78412682","24.38055811","23.10877488","21.71959999","24.3676231","22.96352194","21.53837487","24.21460795","22.10272416","20.63372358","23.3710631","21.40679196","19.77032736","22.80136048"
"ex - expectation of life at age x"," 65-69 years","19.27364116","18.12534394","20.29770283","19.21659212","18.03003205","20.25284247","19.04089356","17.80203401","20.08704237","18.26189923","16.9832527","19.3223084","17.60627634","16.11585413","18.81910411"
"ex - expectation of life at age x"," 70-74 years","15.5710645","14.62919191","16.37594722","15.51905548","14.54129003","16.33313992","15.37531652","14.34236734","16.20381329","14.6361642","13.5153675","15.51053316","14.13258123","12.83431292","15.12102147"
"ex - expectation of life at age x"," 75-79 years","12.19708745","11.5237136","12.7334585","12.12196642","11.37314208","12.70623913","11.95962999","11.09662564","12.59759614","11.35790213","10.44631613","12.00728913","10.98859208","9.940910451","11.70812373"
"ex - expectation of life at age x"," 80-84 years","9.086175559","8.629714578","9.420187148","9.012311659","8.448942832","9.405237101","8.92124078","8.272913504","9.344724228","8.415231371","7.749049759","8.828721207","8.18233629","7.402882825","8.641434452"
"ex - expectation of life at age x"," 85+ years","6.311315377","6.045397083","6.471769229","6.325964127","5.999806655","6.511442236","6.219867586","5.825516768","6.429577699","5.92759887","5.532829279","6.12011973","5.694675023","5.194272416","5.922401868"
