"","Time","exp","weibull","gamma","lnorm","gompertz","llogis","gengamma","FP1","FP2","RCS","RP-hazard","RP-odds","RP-normal","GAM","param-mix","mix-cure"
"1",0,1,1,1,1,1,1,1,1,1,1,1,1,1,1,1,1
"2",0.0416666666666667,0.913521540909757,0.854107626198401,0.879241757388919,0.921207402501532,0.838236214874239,0.921561921133818,0.997101104513167,0.829403930446095,0.860907319295197,0.990298315493836,0.995267989445371,0.991015789659626,0.981125724698816,0.974682105080582,0.982660849402347,0.997254934262822
"3",0.125,0.834521605706138,0.755630744395613,0.791894168682228,0.793276028410559,0.710564570730928,0.786387142686533,0.817046854461936,0.70968806164152,0.755164144218849,0.873565558900748,0.847421685128297,0.857752498507124,0.850481403530167,0.865766824842554,0.902935151857669,0.983689952845625
"4",0.208333333333333,0.762353463167156,0.677643095626815,0.719354698053885,0.678417020500724,0.608697914382975,0.649269173544754,0.651028681414775,0.618681180781192,0.667712415981354,0.601890200642507,0.621762260169143,0.643858966009279,0.668993549080044,0.638347553675344,0.82492956706086,0.830757910885707
"5",0.291666666666667,0.69642631039035,0.612651543060715,0.65661862893904,0.583088374040249,0.526588431848352,0.531440371466784,0.531798851138091,0.546742521004003,0.593377125718516,0.471728528085152,0.48685995575664,0.476749979520411,0.501412665479667,0.457953100018551,0.505793068828668,0.477752879350157
"6",0.375,0.63620043619789,0.557036853133984,0.601278491819357,0.504945228737546,0.459769944840631,0.436609613627879,0.446369696946267,0.488394360047466,0.529277748704291,0.402401474111826,0.396273926628595,0.367541448340713,0.386328606076191,0.369404639317587,0.450628344691654,0.396194443354377
"7",0.458333333333333,0.581182802802956,0.508648143296449,0.551886299780234,0.440661570043191,0.404907094671652,0.362030352533034,0.383262581205269,0.440159093853469,0.473506009903751,0.355920770803877,0.330958209859388,0.29664501928178,0.31013421002215,0.323172854479515,0.404378960782873,0.341148804452974
"8",0.541666666666667,0.530923009566808,0.466055667919273,0.507458423023625,0.387353933300838,0.359482438095514,0.303581514659525,0.335126920350973,0.399680498764502,0.424678924216079,0.320461156280367,0.283018808027896,0.248948500248042,0.258072860419066,0.294520470219795,0.365245691546344,0.301627542946455
"9",0.625,0.485009605803917,0.428239884294665,0.467273857473563,0.342747840569025,0.321576662968193,0.257515000196305,0.297363522039546,0.365289932278712,0.38173843874911,0.292152920705635,0.247058018038281,0.215483772059813,0.221180160016331,0.274256361739069,0.331810905483999,0.271694563981632
"10",0.708333333333333,0.443066722450028,0.39443797316784,0.430776250058889,0.305090855290978,0.289712452369957,0.220854310511002,0.267024718483236,0.335766379258972,0.34384553034868,0.269137074044063,0.21949146211816,0.191079786918857,0.194135249659503,0.258421300122038,0.302982643647049,0.248241486726438
"11",0.791666666666667,0.404750995018385,0.364058951940531,0.39752034406615,0.27303527821809,0.262742362462905,0.191350278976328,0.242158700896683,0.310193238310356,0.310317792139905,0.250126975325869,0.19792975973877,0.172681031281147,0.173712132700915,0.245129420127391,0.277918803728543,0.229431902761032
"12",0.875,0.369748752653953,0.336632728801119,0.36714007944459,0.245538469136164,0.239767475957798,0.167331914894824,0.221431055258358,0.287868006322267,0.280589702316182,0.234209426161962,0.180755184161387,0.158413451216428,0.157890732326125,0.233450938975524,0.255964282912257,0.214046107057364
"13",0.958333333333333,0.3377734502739,0.311777583265972,0.339328302902005,0.221786618384707,0.220077803644209,0.147560481929592,0.203902560553885,0.268242870914455,0.254185842428148,0.220722922966637,0.166850925058568,0.147082870749719,0.145363030101427,0.222968386753837,0.236603817959611,0.201247161877642
"14",1.04166666666667,0.308563322772618,0.289178384288996,0.313823174198399,0.201138305553238,0.20310821051285,0.131113121735559,0.188894883756175,0.250884300729844,0.230702032149421,0.209179478833201,0.155430233578267,0.137900876372294,0.135254947702568,0.213507932121747,0.219427514809106,0.19044438593687
"15",1.125,0.281879242087477,0.268571425405669,0.290398666018621,0.183083023565141,0.188405531300014,0.117296490261346,0.175906852525637,0.235444792154586,0.209791568843511,0.199212982785178,0.145927890126649,0.130330125011531,0.126965403708628,0.204938343691189,0.204105718519599,0.181210489786205
"16",1.20833333333333,0.257502759582227,0.249733526790685,0.268857688349299,0.167210622686331,0.175603825505479,0.105584440850531,0.164560692720545,0.221642654602656,0.191154901948033,0.190541494866267,0.137930253735448,0.123993925935559,0.120070286687041,0.197148567679252,0.190370576109505,0.173229605827221
"17",1.29166666666667,0.235234317722071,0.232473993952227,0.249026963735185,0.153188642579299,0.164405605650476,0.0955734607254848,0.154566554126335,0.209247259411741,0.174531699812121,0.182942745199321,0.131129379308628,0.118621557417608,0.114263403678793,0.190044163923448,0.178002375818669,0.16626372018871
"18",1.375,0.214891616400321,0.216628550186658,0.230753110715555,0.140745346873885,0.154567486145772,0.0869507907774894,0.145698517713751,0.198068090080978,0.159694631252382,0.176239659266239,0.125292363289126,0.114014129803653,0.109319118123192,0.183544445977255,0.166819312635073,0.160130409594801
"19",1.45833333333333,0.19630812054261,0.202054669938842,0.213899585558688,0.12965690420803,0.145889130198658,0.0794714988631819,0.137778001971357,0.187946491316557,0.146444405952119,0.170289854364047,0.120240488062753,0.110022649124886,0.105068081129171,0.177580172636388,0.156669733868848,0.154687721168012
"20",1.54166666666667,0.179331696771184,0.188627929787359,0.198344249378173,0.119737608815339,0.138204676321633,0.0729418630776947,0.130662052817972,0.178749368326179,0.134605758205761,0.164977854004009,0.115834783189313,0.106533546087978,0.101381083695905,0.17209167406466,0.147426198968541,0.149823681667351
"21",1.625,0.163823367968373,0.176239113700315,0.183977401179939,0.110832349580662,0.131376042946516,0.067207218668431,0.124234927793919,0.170364317657465,0.124024150348737,0.160209251556347,0.111965862721408,0.103458900653788,0.0981580739561587,0.167027322506699,0.138980881237146,0.145448877034727
"22",1.70833333333333,0.149656175543494,0.164791887349514,0.170700164955689,0.102810758067856,0.125287665677202,0.0621429836505626,0.118401946973929,0.162695823617824,0.11456303404362,0.155906288759163,0.10854666049543,0.1007296953125,0.0953205363669141,0.1623422777947,0.1312419729868,0.141491111212936
"23",1.79166666666667,0.136714140089154,0.154200908525337,0.158423150573382,0.0955626220188585,0.119842334829072,0.0576479667989707,0.113084932027878,0.155662257901493,0.106101550259986,0.152004472869651,0.10550716121963,0.0982910672249019,0.0928061062588229,0.157997453203471,0.124130849005608,0.1378915001077
"24",1.875,0.124891311918396,0.144390276450029,0.147065329762512,0.0889942613563882,0.11495788353409,0.0536393292646088,0.108218776533872,0.149193491586275,0.0985325788584664,0.148449964409765,0.102790527061139,0.0960989074549224,0.0905646999939644,0.153958658931273,0.117579808890908,0.134601573434064
"25",1.95833333333333,0.114090903709935,0.135292247758937,0.136553083485102,0.0830256426690652,0.110564537497391,0.0500487554801778,0.103748834378817,0.143228978874501,0.0917610702751676,0.145197542372253,0.100350214023392,0.094117385556398,0.0885556913431059,0.150195889494434,0.111530265498759,0.131581095708937
"26",2.04166666666667,0.104224498160886,0.126846164683227,0.126819387619285,0.0775880650338669,0.106602782554342,0.0468195167054862,0.0996289080530366,0.137716207717739,0.0857026075397479,0.142209006247163,0.0981477998259681,0.0923171210236338,0.0867458220949124,0.146682728290065,0.105931280305962,0.128796407896866
"27",2.125,0.095211324160479,0.118997553815186,0.11780311156061,0.0726222913721151,0.103021639800333,0.043904199554369,0.0958196825044337,0.132609438281488,0.0802821584883996,0.13945191142472,0.0961513297078078,0.0906738142401151,0.0851076358539507,0.143395847997905,0.100738370831466,0.126219151090067
"28",2.20833333333333,0.0869775955591392,0.111697363269739,0.109448409978541,0.0680770298518903,0.099777263317415,0.0412629343502928,0.0922874938554132,0.127868669070077,0.0754329867246515,0.136898561165404,0.0943340437076477,0.089167208680979,0.0836182899279463,0.140314589727151,0.0959125331177375,0.123825274000591
"29",2.29166666666667,0.0794559071198106,0.104901313076341,0.101704192158275,0.0639076922753728,0.0968317946064422,0.0388620024272627,0.0890033525546513,0.123458784470787,0.0710956964441767,0.134525197591915,0.0926733880414827,0.0877802951871188,0.0822586440286034,0.137420607142405,0.0914194354900585,0.121594253724946
"30",2.375,0.0725846827064719,0.0985693389264084,0.0945236565211931,0.060075373118025,0.0941524223444866,0.0366727331171769,0.0859421618247337,0.119348847882364,0.0672173912413097,0.132311348222995,0.0911502402583058,0.086498695376384,0.0810125541022193,0.134697564431911,0.0872287496873462,0.119508478486605
"31",2.45833333333333,0.066307671192462,0.0926651134349687,0.0878638803339514,0.0565460054664719,0.0917106071856857,0.0346706239521644,0.0830820874341678,0.115511512436547,0.0637509308588844,0.130239294931265,0.0897482968329325,0.08531017917195,0.0798663198870699,0.132130879068182,0.0833135929020273,0.117552754621479
"32",2.54166666666667,0.0605734859618755,0.0871556321827673,0.0816854564838703,0.0532896596358456,0.0894814398599509,0.0328346341710247,0.080404045759094,0.111922527285645,0.0606542728214024,0.128293639906849,0.0884535853187228,0.0842042838338544,0.0788082488876801,0.129707501975444,0.079650059924501,0.115713909745209
"33",2.625,0.055335184234168,0.0820108542226029,0.0759521706573832,0.0502799575265927,0.0874431074253735,0.031146613755296,0.0778912850751764,0.108560322002449,0.0578898882178318,0.126460948976289,0.0872540728407877,0.0831720105877061,0.0778283093769127,0.127415729051712,0.0762168289224674,0.11398047102329
"34",2.70833333333333,0.0505498827681225,0.0772033886314853,0.0706307134096869,0.0474935813780171,0.0855764476621851,0.0295908391872951,0.0755290408969953,0.105405655172432,0.0554242427316131,0.124729456980385,0.0861393497101253,0.0822055811344248,0.0769178521055536,0.125245039066236,0.07299482773141,0.112342402559808
"35",2.79166666666667,0.0461784067991429,0.0727082201925483,0.0656904225308625,0.0449098599089969,0.0838645756060938,0.0281536337998454,0.073304250555653,0.102441316008544,0.0532273354677865,0.123088823225838,0.0851003720626276,0.0812982407768701,0.0760693854930901,0.123185953820024,0.0699669501337961,0.110790889676131
"36",2.875,0.0421849693359106,0.0685024684892273,0.061103051850739,0.0425104182125449,0.0822925693674525,0.0268230555978131,0.0712053154900416,0.0996518699740768,0.0512722892864758,0.12152992756142,0.0841292512120455,0.0804440981367599,0.075276392783613,0.121229917160596,0.0671178136405791,0.109318160645938
"37",2.95833333333333,0.0385368781909719,0.0645651756574163,0.0568425632219224,0.040278880417764,0.0808472048667538,0.0255886392187465,0.0692219022158138,0.0970234410988337,0.0495349872817423,0.120044699584469,0.083219080227121,0.079637993814121,0.0745331823802967,0.119369190015125,0.0644335518924692,0.107917338552057
"38",3.04166666666667,0.0352042683468683,0.0608771188206534,0.0528849389080227,0.0382006162200314,0.0795167310856711,0.0244411815826799,0.0673447748369894,0.0945435250224585,0.047993750791918,0.118625975000455,0.0823637903633716,0.0788753921064547,0.0738347645989611,0.117596759074623,0.0619016360696089,0.106582277974004
"39",3.125,0.0321598574668317,0.0574206438679642,0.0492080120051863,0.0362625240355097,0.0782906790000966,0.0233725629903692,0.0655656534283613,0.092200827874995,0.0466290549266009,0.117267374342568,0.0815580315862111,0.078152291226292,0.073176749600017,0.115906257146379,0.0595107207116639,0.105307619253057
"40",3.20833333333333,0.0293787225485383,0.0541795177538001,0.0457913128572057,0.0344528448557673,0.0771596986145976,0.0223755971332406,0.0638770937514499,0.0899851269682269,0.0454232780724566,0.115963200188108,0.0807970726480697,0.0774651484538242,0.0725552624056663,0.114291893508519,0.0572505101626444,0.104088463542783
"41",3.29166666666667,0.0268380958925009,0.0511387969276986,0.0426159297013712,0.0327610019358394,0.0761154195236075,0.0214439048008777,0.0622723846525914,0.0878871499677172,0.0443604822147936,0.11470834974264,0.0800767171246455,0.076810817421164,0.0719668717832194,0.112748392862309,0.055111642509364,0.102920456697392
"42",3.375,0.0245171787148013,0.0482847098558721,0.0396643820144403,0.0311774623006872,0.075150331235446,0.0205718071044808,0.0607454601879234,0.0858984697798252,0.043426221200802,0.113498240245678,0.0793932325449137,0.0761864953078007,0.0714085304460348,0.111270941694855,0.0530855884125756,0.101799686493576
"43",3.45833333333333,0.0223969708783052,0.0456045518920291,0.0369205052239792,0.0296936167440333,0.0742576801513268,0.0197542348455821,0.0592908240705483,0.084011412847482,0.0426073742875721,0.112328745116621,0.0787432903178202,0.0755896781773975,0.0708775245418851,0.109855141045415,0.0511645626612416,0.100722628597184
"44",3.54166666666667,0.0204601153484603,0.0430865910014747,0.0343693456164494,0.0283016755535157,0.0734313806243724,0.0189866512995307,0.057903484473076,0.0822189789243017,0.0418920024770016,0.111196139132467,0.0781239146040796,0.0750181230367147,0.070371430801823,0.108496964819215,0.0493414466330698,0.0996861002118485
"45",3.625,0.0186907561003168,0.0407199830497675,0.0319970644150189,0.0269945776531428,0.0726659379580507,0.0182649861914313,0.056578897569053,0.0805147707052491,0.0412692252539188,0.110097051229087,0.0775324386327762,0.0744698154721093,0.0698880800384217,0.107192722918784,0.0476097201340315,0.0986872201711381
"46",3.70833333333333,0.0170744083135299,0.0384946955419978,0.0297908501213708,0.0257659112286005,0.0719563815588033,0.0175855790476187,0.055312918478515,0.0788929319466036,0.0407291154269811,0.109028423760806,0.0769664672410256,0.073942941935538,0.0694255259310822,0.105939028568718,0.0459634013283443,0.0977233744579319
"47",3.79166666666667,0.0155978397926982,0.0364014388467482,0.0277388383201538,0.0246098442091641,0.0712982067493514,0.0169451304307403,0.0541017585106276,0.0773480929186621,0.0402626098381422,0.107987477250418,0.0764238446370482,0.0734358659236405,0.0689820182332854,0.104732769298924,0.044396993668065,0.0967921863132364
"48",3.875,0.0142489626422892,0.0344316040646045,0.0258300382349078,0.0235210632345175,0.0706873239894193,0.0163406598282607,0.0529419477813603,0.0758753222097003,0.0398614337693959,0.106971679822828,0.0759026265649827,0.0729471074303346,0.068555979693817,0.103571081126667,0.0429054388957029,0.0958914902407079
"49",3.95833333333333,0.0130167343093496,0.032577206808391,0.0240542654025565,0.0224947199457927,0.0701200144491325,0.0157694691759555,0.0518303024350996,0.0744700840457079,0.0395180369476918,0.105978720647405,0.0754010561931122,0.0724753251630684,0.0681459861098837,0.102451325541446,0.0414840753302681,0.0950193093300203
"50",4.04166666666667,0.0118910671838899,0.0308308362541696,0.0224020799017187,0.0215263836156786,0.0695928910448895,0.0152291111700191,0.0507638958228408,0.0731282004125769,0.0392255391409887,0.10500648682256,0.0749175431631614,0.072019301101275,0.0677507490314233,0.101371068950827,0.0401286007618689,0.0941738354174712
"51",4.125,0.0108627460168886,0.0291856089009181,0.0208647296296716,0.0206119992789539,0.0691028641843017,0.0147173616617867,0.0497400330914667,0.0718458173699752,0.0389776834580864,0.104053043225524,0.0744506453326085,0.0715779270471573,0.0673691007179309,0.100328064291344,0.0388350393762802,0.0933534116801697
"52",4.20833333333333,0.0099233524798594,0.0276351265447588,0.0194340981750552,0.0197478506474959,0.0686471115808524,0.0142321955440677,0.0487562287228156,0.0706193750325094,0.0387687956163086,0.103116614924306,0.073999052818931,0.0711501928771603,0.0669999810158164,0.099320234547854,0.0375997122120908,0.0925565173242454
"53",4.29166666666667,0.00906519624839182,0.0261734380323177,0.0181026568793915,0.0189305271968705,0.0682230515943083,0.0137717656326474,0.0478101866311089,0.0694455807667379,0.0385937476245055,0.10219557181031,0.0735615740178075,0.0707351762500739,0.0666424258787448,0.0983456579582826,0.0364192107216391,0.0917817540804107
"54",4.375,0.00828125204548025,0.0247950044086596,0.0168634207210724,0.0181568948984502,0.0678283196328878,0.0133343841245711,0.0468997824855054,0.0683213852144088,0.0384479245404933,0.101288415161236,0.0731371233192469,0.0703320335667655,0.0662955572980699,0.0974025547094692,0.0352903730651275,0.0910278342640352
"55",4.45833333333333,0.0075651021292492,0.0234946671194371,0.0157099076913884,0.0174240701443812,0.067460747220432,0.0129185062794713,0.0460230479731951,0.0672439608048122,0.0383271931947611,0.100393765886633,0.0727247102885407,0.0699399920087199,0.0659585744472274,0.0964892749545126,0.0342102628167752,0.0902935701933525
"56",4.54166666666667,0.00691088375425142,0.0222676189653815,0.0146361013640454,0.0167293964749029,0.0671183433885039,0.0125227160239496,0.0451781567592577,0.0662106824638789,0.0382278720162734,0.0995103542442191,0.0723234301145317,0.0695583425091946,0.0656307458743468,0.0956042880033049,0.0331761498040534,0.0895778647898375
"57",4.625,0.00631324117623196,0.0211093775408746,0.0136364163879746,0.0160704237703595,0.0667992781012445,0.0121457132238382,0.0443634119338557,0.0652191102658751,0.0381467013401454,0.0986370108450613,0.0719324551573335,0.0691864335329094,0.0653114026025566,0.0947461725562831,0.0321854928371186,0.0888797032102915
"58",4.70833333333333,0.00576728180744635,0.0200157609177548,0.0127056666585328,0.0154448896152539,0.0665018674613913,0.0117863024066721,0.0435772347663337,0.0642669738062684,0.0380808138093006,0.0977726587909144,0.0715510274523822,0.0688236655586204,0.0649999320184561,0.0939136078672958,0.0312359241164871,0.0881981453815727
"59",4.79166666666667,0.0052685361635992,0.0189828653613146,0.0118390359447915,0.0148507025801445,0.0662245604803324,0.011443382748176,0.0428181546103633,0.0633521581024413,0.0380277046922524,0.0969163068081877,0.0711784520484506,0.068469486174349,0.0646957724467758,0.0931053657352244,0.0303252351335691,0.0875323193269909
"60",4.875,0.00481292127450993,0.0180070448881362,0.0110320507708626,0.0142859272000993,0.065965927224396,0.0111159391630675,0.0420847998251363,0.0624726908531021,0.0379852021181851,0.0960670432608777,0.0708140910746917,0.068123385707972,0.0643984083239629,0.0923203032359315,0.0294513639015851,0.0868814151886337
"61",4.95833333333333,0.00439670725896766,0.0170848924953915,0.0102805553673785,0.013748770456679,0.0657246481746075,0.0108030343628477,0.0413758895953929,0.061626730908101,0.0379514373724808,0.0952240309398443,0.0704573584464916,0.0677848933267766,0.0641073658958099,0.0915573561164837,0.0286123833741651,0.0862446798628684
"62",5.04166666666667,0.00401648679014125,0.0162132229088822,0.00958068852558099,0.013237569594721,0.0654995046585361,0.0105038017621928,0.040690226548257,0.0608125578183825,0.0379248154977466,0.0943865025384906,0.0701077167965804,0.0674535744882964,0.0638222106628266,0.0908155327826374,0.0278064909260488,0.0856214122192759
"63",5.125,0.00366914720157352,0.0153890567126933,0.00892886220119215,0.0127507811261519,0.0652893702311928,0.0102174391316399,0.0400266900778671,0.0600285623514284,0.0379039865072724,0.0935537567356048,0.0697648180726726,0.0671291094142175,0.0635426559714449,0.0900939088184715,0.0270319987851622,0.0850109959151808
"64",5.20833333333333,0.00335184500540617,0.0146096057371634,0.00832174172851794,0.0122869708911615,0.0650932028976774,0.00994320290794794,0.0393842302999637,0.0592732378710981,0.0378878175424625,0.092725154815124,0.0694284296052007,0.0668112502272377,0.063268505487246,0.0893916219839524,0.0262873253182541,0.084412956993055
"65",5.29166666666667,0.00306198261422932,0.0138722595941502,0.00775622751723347,0.0118448050627471,0.0649100380838229,0.00968040308519794,0.0387618625682202,0.0585451724925717,0.0378753662980819,0.0919001177601643,0.0690983302346632,0.0664997617440058,0.0629995727116367,0.088707867642269,0.0255709870835301,0.0838268641190027
"66",5.375,0.00279718707598965,0.0131745732594798,0.00722943811515956,0.0114230419942373,0.0647389822727544,0.00942839861968932,0.038158662492408,0.0578430419333828,0.0378658560055779,0.0910781237650243,0.0687743095744114,0.066194420639689,0.0627356803453245,0.0880418945740801,0.0248815915735424,0.0832523072788857
"67",5.45833333333333,0.00255529064787093,0.0125142556121934,0.00673869453018107,0.0110205248212309,0.064579207235375,0.00918659329026178,0.0375737614056738,0.0571656029905031,0.0378586522124531,0.0902587061142132,0.068456167331106,0.0658950146793623,0.0624766597020201,0.0873930011404885,0.0242178305801815,0.0826888964195182
"68",5.54166666666667,0.00233431305011534,0.0118891588488761,0.00628150571338904,0.0106361747396822,0.0644299447915123,0.00895443196303865,0.0370063422344385,0.0565116875813004,0.0378532415319213,0.0894414513820219,0.0681437126775343,0.0656013420099577,0.0622223501677114,0.086760531760666,0.0235784741211478,0.0821362601954371
"69",5.625,0.00213244525450712,0.0112972686991017,0.00585555511364337,0.0102689848908553,0.0642904820460312,0.00873139721593639,0.0364556357298421,0.0558801972930768,0.0378492124685731,0.0886259979098929,0.0678367636730443,0.0653132105071778,0.0619725987013491,0.0861438736736799,0.0229623648738896,0.0815940448116068
"70",5.70833333333333,0.00194803467480305,0.0107366953749622,0.00545868822113535,0.00991801479172297,0.0641601570507952,0.00851700628376573,0.0359209170243762,0.0552700983919393,0.0378462383582676,0.087812034521962,0.0675351467273416,0.0650304371723728,0.0617272593732139,0.0855424539572778,0.0223684130688085,0.0810619129534309
"71",5.79166666666667,0.00177957163787172,0.0102056651938631,0.00508890102425178,0.0095823852562709,0.0640383548490745,0.00831080828949276,0.0354015024814607,0.0546804172470774,0.0378440623984823,0.0869992994417521,0.0672386961038321,0.0647528475748966,0.0614861929376264,0.0849557367792246,0.0217955917986534,0.0805395427963267
"72",5.875,0.00162567702478787,0.0097025128193452,0.004744329310172,0.00926127375920159,0.0639245038639918,0.00811238173134121,0.0348967468093226,0.0541102361312037,0.0378424846920868,0.0861875793751808,0.0669472534590755,0.0644802753359211,0.0612492664369927,0.0843832208592998,0.021242932705549,0.0800266270879065
"73",5.95833333333333,0.00148509098070581,0.00922567406970045,0.00442323874522196,0.00895391019883916,0.0638180725969484,0.00792133219899027,0.0344060404136881,0.053558689362055,0.0378413511848763,0.0853767087268944,0.0666606674152618,0.0642125616500913,0.0610163528344863,0.0838244371222989,0.020709522011099,0.0795228722965105
"74",6.04166666666667,0.00135666260108555,0.00877367924866128,0.00412401567611903,0.00865957302070493,0.0637185666057853,0.00773729029523351,0.033928806966568,0.0530249597535035,0.0378405443459329,0.0845665689185144,0.0663787931629208,0.0639495548417671,0.060787330672929,0.0832789465243674,0.020194496858544,0.0790279978204454
"75",6.125,0.00123934050983831,0.00834514695650313,0.00384515859791173,0.00837758566735019,0.0636255257357714,0.00755990974217755,0.0334645011708512,0.0525082753480649,0.0378399754197674,0.0837570877787748,0.0661014920913463,0.0636911099529157,0.0605620837576731,0.0827463380367689,0.0196970419390926,0.0785417352528446
"76",6.20833333333333,0.00113216425225938,0.00793877834356374,0.00358527023869312,0.00810731332366736,0.0635385215794412,0.00738886565343106,0.0330126067025688,0.0520079064054618,0.0378395780692789,0.0829482389767696,0.0658286314444611,0.0634370883600063,0.060340500861499,0.0822262267727654,0.0192163863773324,0.0780638276975388
"77",6.29166666666667,0.00103425643228693,0.00755335177149198,0.0033430502150804,0.00784815993011505,0.0634571551438804,0.00722385295580983,0.0325726343145829,0.0515231626244461,0.0378393032274127,0.0821400414707054,0.0655600840000551,0.0631873574175089,0.0601224754497283,0.0817182522447039,0.0187518008531066,0.0775940291317848
"78",6.375,0.000944815529718586,0.00718771785052972,0.00311728821604037,0.0075995654391386,0.0633810547063256,0.00706458494590503,0.0321441200871291,0.0510533905773523,0.0378391149813121,0.0813325545726484,0.0652957277705302,0.0629417901258296,0.0599079054239237,0.0812220757185515,0.0183025949394513,0.077132103812058
"79",6.45833333333333,0.000863109338583992,0.00684079482383834,0.00290685767593039,0.00736100329259268,0.063309873840946,0.00691079196846087,0.0317266238121266,0.0505979713388703,0.0378389873239563,0.0805258493271581,0.0650354457234506,0.0627002648217141,0.0596966928826964,0.0807373723839015,0.0178681146381591,0.0766778257195037
"80",6.54166666666667,0.000788468972956851,0.00651156427233412,0.00271070990064338,0.00713197810021397,0.0632432896014402,0.00676222020491531,0.0313197274994814,0.050156318292325,0.0378389016230641,0.0797199972400392,0.0647791255203538,0.0624626648893338,0.059488743898276,0.0802638281755914,0.0174477400962945,0.0762309780419183
"81",6.625,0.000720283391135076,0.00619906711572267,0.00252786861351831,0.00691202350118602,0.0631810008456478,0.00661863056169868,0.0309230339947798,0.0497278750983567,0.0378388446738884,0.0789150702344869,0.0645266592724171,0.0622288784904322,0.0592839683076203,0.0798011393488453,0.0170408834885609,0.0757913526894302
"82",6.70833333333333,0.00065799439336142,0.00590239988744204,0.00235742489022547,0.006700700192614,0.063122726689758,0.00647979764897952,0.0305361656988089,0.0493121138123337,0.0378388072201512,0.0781111406346919,0.0642779433116946,0.0619987983120532,0.0590822795169511,0.0793490120796803,0.0166469870518304,0.0753587498413034
"83",6.79166666666667,0.000601092052133505,0.00562071126306134,0.00219853245417819,0.00649759411031014,0.0630682050809282,0.00634550884151631,0.0301587633802637,0.0489085331381121,0.0378387828447628,0.077308281148991,0.0640328779767585,0.0617723213305044,0.0588835943186988,0.0789071620830065,0.0162655212594097,0.0749329775215033
"84",6.875,0.000549110537693608,0.00535319882335132,0.00205040330617825,0.00630231474870409,0.0630171914782212,0.0062155634141307,0.0297904850738332,0.0485166568069107,0.0378387671483763,0.076506564852564,0.063791367411671,0.0615493485903303,0.0586878327199289,0.0784753142475482,0.015895983123754,0.0745138512008798
"85",6.95833333333333,0.00050162430452365,0.00509910603476499,0.00191230366398553,0.00611449360795611,0.062969457632738,0.00608977174507903,0.029431005056591,0.0481360320711052,0.0378387571487749,0.0757060651696778,0.0635533193773126,0.0613297849971696,0.0584949177814008,0.0780532022867573,0.015537894617358,0.0741011934239984
"86",7.04166666666667,0.00045824460762623,0.00485771943145244,0.00178355018932952,0.00593378275748179,0.0629247904586949,0.00596795458127391,0.0290800128962804,0.0477662283036714,0.0378387508472785,0.0749068558554765,0.063318645074169,0.0611135391234746,0.0583047754664834,0.0776405684049371,0.0151908012024776,0.0736948334588217
"87",7.125,0.000418616320072301,0.00462836598419864,0.00166350648156354,0.00575985350611039,0.0628829909879663,0.00584994235990912,0.0287372125656761,0.0474068356948449,0.0378387469196913,0.0741090109773205,0.0630872589757553,0.0609005230261512,0.0581173344992164,0.0772371629778355,0.0148542704611541,0.0732946069675931
"88",7.20833333333333,0.000382415025762421,0.00441041064282751,0.00155157981871383,0.00559239517000785,0.0628438734013084,0.00573557458157554,0.0284023216177348,0.0470574640383186,0.0378387444988169,0.0733126048956749,0.0628590786719265,0.060690652075261,0.0579325262308633,0.0768427442470072,0.0145278908177711,0.0729003556974093
"89",7.29166666666667,0.000349344363601531,0.00420325403967073,0.00144721812810685,0.00543111393031217,0.0628072641300982,0.00562469923043363,0.0280750704167273,0.046717741599974,0.0378387430233613,0.072517712244549,0.0626340247213791,0.0604838447929955,0.0577502845143587,0.0764570780272799,0.0142112703470405,0.0725119271890997
"90",7.375,0.000319133601345409,0.00400633034266418,0.00134990717007791,0.00527573177316277,0.0627730010229801,0.00551717223743382,0.02775520142097,0.0463873140627593,0.0378387421343021,0.0717244079114897,0.0624120205127088,0.060280022702198,0.0575705455860995,0.0760799374266987,0.0139040356609272,0.0721291745031227
"91",7.45833333333333,0.000291535419257138,0.00381910524751808,0.00125916791948271,0.00512598550546642,0.0627409325723111,0.00541285698295737,0.0274424685131662,0.0460658435418758,0.0378387416047252,0.0709327670171298,0.0621929921334394,0.0600791101837673,0.0573932479545719,0.0757111025783505,0.0136058308685724,0.071751955961326
"92",7.54166666666667,0.000266323885429554,0.00364107409921562,0.00117455413085827,0.00498162584033742,0.062710917195746,0.00531162383559142,0.0271366363747121,0.0457530076649399,0.0378387412929337,0.0701428648942964,0.0619768682464819,0.0598810343423301,0.0572183322953501,0.0753503603835062,0.0133163166037777,0.0713801349034704
"93",7.625,0.000243292606198679,0.00347176013383598,0.00109565007411868,0.0048424165466872,0.0626828225687078,0.00521334972405774,0.0268374799006391,0.045448498712235,0.0378387411115159,0.0693547770666808,0.0617635799735257,0.0596857248796192,0.057045741352035,0.0749975042655464,0.0130351691150656,0.0710135794575328
"94",7.70833333333333,0.000222253036506568,0.00331071283237768,0.00102206842863112,0.00470813365792294,0.0626565250038552,0.00511791773958927,0.0265447836521491,0.0451520228125832,0.0378387410072076,0.0685685792270742,0.0615530607849049,0.0594931139750351,0.0568754198427382,0.0746523339341619,0.0127620794137377,0.0706521623228695
"95",7.79166666666667,0.000203032936381353,0.00315750637888245,0.000953448324404883,0.00457856473515354,0.0626319088739873,0.0050252167662949,0.0262583413439566,0.0448632991907374,0.0378387409479527,0.0677843472151742,0.0613452463955119,0.0593031361729137,0.0567073143717438,0.0743146551593505,0.0124967524757379,0.0702957605653812
"96",7.875,0.000185474960898526,0.00301173821573277,0.00088945351994641,0.00445350818069743,0.0626088660751258,0.0049351411372752,0.0259779553638844,0.0445820594625305,0.037838740914699,0.0670021569949657,0.06114007466637,0.0591157282760551,0.0565413733460108,0.0739842795547536,0.0122389064934544,0.0699442554239075
"97",7.95833333333333,0.000169435372080199,0.00287302768952378,0.000829770707092126,0.00433277259804598,0.0625872955267826,0.00484759031445102,0.0257034363223726,0.0443080469743301,0.0378387408962655,0.0662220846316817,0.0609374855114979,0.0589308292451051,0.0563775468962028,0.0736610243698992,0.0119882721739161,0.0695975321271214
"98",8.04166666666667,0.000154782862187321,0.00274101478139434,0.000774107933832672,0.00421617619476182,0.0625671027066695,0.00476246859024769,0.0254346026297507,0.0440410161836224,0.0378387408861736,0.0654442062683496,0.0607374208097327,0.0587483801034106,0.0562157868019544,0.0733447122909426,0.0117445920801132,0.0692554223812218
"99",8.125,0.000141397478771784,0.00261535891614871,0.000722193136791613,0.00410354622508639,0.0625481992173245,0.00467968480943941,0.0251712800992994,0.0437807320778072,0.0378387408807176,0.0646685981019289,0.0605398243211985,0.0585683238469976,0.0560560464211086,0.0730351712495135,0.0115076200124332,0.0689179335619609
"100",8.20833333333333,0.000129169642688355,0.00249573784491091,0.000673772775622915,0.00399471846929958,0.0625305023823364,0.00459915210960599,0.0249133015742862,0.0435269696285155,0.0378387408778051,0.0638953363590473,0.0603446416081313,0.0583906053593483,0.0558982806226732,0.0727322342393013,0.0112771204274369,0.0685849045250501
"101",8.29166666666667,0.000117999251027429,0.00238184659643242,0.000628610562148059,0.00388953674711774,0.0625139348700284,0.00452078767878634,0.0246605065773024,0.0432795132789739,0.0378387408762702,0.0631244972713407,0.0601518199597923,0.0582151713306738,0.0557424457232672,0.0724357391400258,0.0110528678914156,0.0682562348149043
"102",8.375,0.000107794857624774,0.00227339649252335,0.000586486277569124,0.00378785246263828,0.0624984243426343,0.00444451252903382,0.0244127409803643,0.0430381564621338,0.0378387408754718,0.0623561570504067,0.0599613083212201,0.058041970181406,0.0555884994268433,0.07214552854846,0.0108346465663647,0.0679318271858681
"103",8.45833333333333,9.84729244395318e-05,0.00217011422339903,0.000547194671571664,0.00368952417854071,0.0624839031291497,0.00437025128468727,0.024169856694357,0.0428027011474586,0.0378387408750618,0.0615903918623776,0.0597730572255895,0.0578709519896467,0.055436400767485,0.0718614496161889,0.0106222497261912,0.067611587469588
"104",8.54166666666667,8.99571376718911e-05,0.00207174097903149,0.000510544437573579,0.00359441721743831,0.0624703079201831,0.00429793198427078,0.0239317113765132,0.0425729574144256,0.037838740874854,0.0608272778021228,0.059587018729961,0.0577020684223331,0.0552861100550954,0.0715833538938012,0.0104154793011338,0.0672954244491007
"105",8.625,8.21777830218572e-05,0.00197803163287005,0.000476357258786138,0.00350240328844186,0.0624575794832583,0.00422748589502449,0.0236981681547167,0.0423487430509446,0.0378387408747502,0.060066890867088,0.0594031463542216,0.0575352726698968,0.0551375888238037,0.0713110971812286,0.0102141454485297,0.0669832497392206
"106",8.70833333333333,7.50711749746746e-05,0.00188875397454912,0.000444466920133363,0.00341336013715048,0.0624456623971376,0.00415884733915089,0.0234690953675131,0.0421298831750331,0.037838740874699,0.0593093069307827,0.0592213950230268,0.0573705193842057,0.0549907997829296,0.07104453938396,0.0100180661481957,0.0666749776728584
"107",8.79166666666667,6.85791354407707e-05,0.00180368798843589,0.000414718481428232,0.00332717121742413,0.062434504803842,0.00409195353093507,0.0232443663187951,0.0419162098782102,0.037838740874674,0.0585546017159242,0.0590417210105727,0.0572077646195957,0.0548457067703551,0.0707835443748713,0.00982706682082346,0.0663705251929318
"108",8.875,6.26485174821119e-05,0.00172262517508819,0.000386967507530898,0.00324372538342037,0.062424058177142,0.00402674442396478,0.0230238590462048,0.0417075618891868,0.0378387408746621,0.0578028507672498,0.0588640818880324,0.0570469657768098,0.0547022747081648,0.0705279798614238,0.00964097996790081,0.0660698117495279
"109",8.95833333333333,5.72307702259708e-05,0.00164536791289341,0.000361079351517067,0.00316291660049488,0.0624142771063864,0.00396316256773819,0.0228074561023676,0.0415037842565328,0.0378387408746564,0.0570541294240069,0.0586884364735058,0.0568880815496769,0.054560469560424,0.0702777172579979,0.00945964483178052,0.0657727592020303
"110",9.04166666666667,5.2281541404281e-05,0.00157172885734591,0.00033692848716578,0.00308464367367239,0.0624051190946143,0.00390115297300309,0.0225950443481358,0.0413047280490984,0.0378387408746538,0.0563085127921345,0.0585147447843417,0.0567310718743713,0.0544202582929732,0.0700326315631376,0.00928290707461854,0.065479291725924
"111",9.125,4.77603142647762e-05,0.00150153037559275,0.000314397887336567,0.00300880999249261,0.0623965443699778,0.00384066298522266,0.0223865147570818,0.0411102500730563,0.0378387408746525,0.0555660757161467,0.0583429679916968,0.0565758978811068,0.0542816088351246,0.0697926012414938,0.00911061847499073,0.065189335724009
"112",9.20833333333333,4.36300758814926e-05,0.00143460401403755,0.000293378445047944,0.00293532329112601,0.0623885157095679,0.00378164216560993,0.0221817622305312,0.0409202126045108,0.037838740874652,0.0548268927507312,0.0581730683772106,0.0564225218481267,0.0541444900431549,0.0695575081102631,0.00894263664108319,0.0649028197417839
"113",9.29166666666667,3.98570141492707e-05,0.00137078999694066,0.000273768434293799,0.00286409542273659,0.0623809982748048,0.00372404217921569,0.0219806854224818,0.0407344831366957,0.0378387408746517,0.0540910381320762,0.0580050092916762,0.0562709071578615,0.0540088716654952,0.069327237229932,0.00877882473943026,0.0646196743867595
"114",9.375,3.64102409817038e-05,0.00130993675409145,0.000255473007842638,0.00279504214714457,0.0623739594576128,0.00366781668959405,0.0217831865737962,0.040552934140852,0.0378387408746516,0.0533585857489397,0.0578387551156019,0.0561210182551341,0.0538747243095235,0.0691016767991381,0.00861905123824125,0.0643398322515028
"115",9.45833333333333,3.32615394465016e-05,0.0012519004757564,0.000238403729458239,0.00272808293091191,0.062367368736652,0.00361292125960566,0.021589171355101,0.0403754428399398,0.0378387408746516,0.0526296091134748,0.0576742712215582,0.0559728206072996,0.0537420194098738,0.068880718053479,0.00846318966442627,0.0640632278401837
"116",9.54166666666667,3.03851327681989e-05,0.00119654469322526,0.000222478138159915,0.00266314075903702,0.0623611975429362,0.00355931325795159,0.0213985487178641,0.0402018909943969,0.0378387408746516,0.0519041813318261,0.0575115239382163,0.0558262806662136,0.0536107291981797,0.0686642551680966,0.00831111837349208,0.0637897974984599
"117",9.625,2.77574733071526e-05,0.00114373988338786,0.000207619342307491,0.00260014195750446,0.0623554191342074,0.00350695177106091,0.0212112307531584,0.0400321646992114,0.0378387408746516,0.0511823750745134,0.0573504805159883,0.0556813658319308,0.0534808266741753,0.0684521851638826,0.00816272033153309,0.0635194793465064
"118",9.70833333333333,2.53570497873115e-05,0.00109336309587685,0.00019375564145105,0.00253901602598937,0.0623500084774847,0.00345579751998313,0.0210271325576523,0.0398661541916257,0.0378387408746515,0.0504642625466167,0.057191109094183,0.0555380444180411,0.053352285578082,0.0682444078171496,0.00801788290859595,0.0632522132150274
"119",9.79166666666667,2.31642111946303e-05,0.0010452976014066,0.000180820174029519,0.00247969548006643,0.0623449421392441,0.00340581278196159,0.0208461721064009,0.039703753668835,0.0378387408746515,0.0497499154577814,0.0570333786696008,0.0553962856185552,0.0532250803642132,0.0680408255726262,0.00787649768274579,0.0629879405840955
"120",9.875,2.11610059044777e-05,0.000999432560027563,0.00016875058913584,0.00242211570231914,0.0623401981827246,0.0033569613163879,0.0206682701320377,0.0395448611150861,0.0378387408746515,0.0490394049920587,0.0568772590664905,0.055256059476259,0.0530991861757336,0.0678413434596361,0.00773846025420333,0.062726604524664
"121",9.95833333333333,1.93310347210589e-05,0.000955662708097782,0.00015748874069082,0.00236621480178774,0.0623357560718883,0.00330920829485856,0.020493350009995,0.0393893781376233,0.0378387408746515,0.0483328017775999,0.0567227209078002,0.055117336852459,0.0529745788205132,0.0676458690113313,0.00760367006896689,0.0624681496426291
"122",10.0416666666667,1.76593166257618e-05,0.000913888062850045,0.000146980402483153,0.00231193348123334,0.0623315965815972,0.00326252023507514,0.0203213376494055,0.0392372098109627,0.0378387408746515,0.0476301758562217,0.056569735587655,0.0549800893980481,0.0528512347480201,0.0674543121868523,0.00747203025136878,0.0622125220252868
"123",10.125,1.61321661353792e-05,0.000874013643504875,0.000137175002640465,0.00225921491173195,0.0623277017135967,0.00321686493834735,0.020152161389359,0.0390882645290124,0.0378387408746515,0.0469315966528626,0.056418275245,0.0548442895258216,0.0527291310271992,0.0672665852962959,0.00734344744505389,0.0619596691900893
"124",10.2083333333333,1.47370812662038e-05,0.000835949207946192,0.00012802537619596,0.00220800461414553,0.0623240546179252,0.00317221143047552,0.0199857519002108,0.0389424538645854,0.0378387408746515,0.046237132944948,0.0562683127383504,0.0547099103839818,0.0526082453252871,0.0670826029283776,0.00721783166189904,0.0617095400355684
"125",10.2916666666667,1.34626411868148e-05,0.000799609004038698,0.000119487534507957,0.00215825034704837,0.0623206395193944,0.00312852990580414,0.019822042089658,0.0387996924358839,0.0378387408746515,0.045546852831684,0.0561198216215937,0.0545769258307696,0.052488555887516,0.0669022818806764,0.00709509613842296,0.0614620847943163
"126",10.375,1.22984127216942e-05,0.000764911534723985,0.00011152045037581,0.00210990200071536,0.062317441648808,0.00308579167425302,0.0196609670133154,0.0386598977795571,0.0378387408746515,0.0448608237033014,0.0559727761207913,0.054445310410167,0.0523700415176627,0.0667255410923604,0.00697515719926645,0.0612172549879377
"127",10.4583333333333,1.12348649402663e-05,0.0007317793360865,0.000104085857775825,0.00206291149680546,0.0623144471786103,0.00304396911114516,0.0195024637895434,0.0385229902299651,0.0378387408746515,0.0441791122102682,0.0558271511119316,0.0543150393286178,0.0522526815594017,0.0665523015792923,0.00685793412734648,0.0609750033838536
"128",10.5416666666667,1.02632911321451e-05,0.000700138767630935,9.71480652153189e-05,0.00201723269339827,0.062311643162676,0.00300303560966353,0.0193464715182939,0.0383888928042993,0.0378387408746515,0.0435017842324938,0.0556829220995883,0.0541860884327145,0.0521364558784224,0.0663824863714189,0.00674334904031604,0.0607352839538888
"129",10.625,9.37573752984261e-06,0.000669919814059748,9.06737817722287e-05,0.00197282129506399,0.0623090174799703,0.0029629655357795,0.0191929312037536,0.038257531093235,0.0378387408746515,0.0428289048485458,0.0555400651964395,0.0540584341878058,0.0520213448452725,0.0662160204523548,0.00663132677298006,0.0604980518345366
"130",10.7083333333333,8.56493819542726e-06,0.000641055897883531,8.46319549521576e-05,0.0019296347676686,0.0623065587818305,0.00292373418550663,0.0190417856805801,0.038128833156812,0.0378387408746514,0.0421605383049005,0.0553985571036075,0.053932053657479,0.0519073293188955,0.0660528307010727,0.00652179476534331,0.060263263288835
"131",10.7916666666667,7.82425553808355e-06,0.00061348370223802,7.89936195546422e-05,0.00188763225763534,0.0623042564426309,0.00288531774434326,0.0188929795435388,0.0380027294252564,0.0378387408746514,0.0414967479852521,0.0552583750917795,0.0538069244838751,0.0517943906308257,0.065892845835617,0.00641468295598402,0.0600308756697708
"132",10.875,7.14762597562179e-06,0.000587143003319959,7.37317567961989e-05,0.00184677451540177,0.0623021005136144,0.00284769324877593,0.0187464590803563,0.0378791526044747,0.0378387408746514,0.0408375963799005,0.0551194969830737,0.053683024868797,0.051682510570012,0.0657359963587612,0.00630992368046468,0.0598008473851395
"133",10.9583333333333,6.52951029509663e-06,0.00056197651188994,6.88211629895624e-05,0.0018070238228287,0.0623000816796848,0.0028108385497245,0.0186021722076231,0.0377580375859699,0.0378387408746514,0.0401831450552439,0.0549819011336138,0.0535603335555728,0.0515716713682404,0.0655822145055327,0.0062074515745123,0.0595731378637909
"134",11.0416666666667,5.96484830616279e-06,0.000537929723323893,6.4238327126775e-05,0.00176834392433277,0.0622981912189677,0.00277473227781731,0.0184600684095839,0.0376393213609405,0.0378387408746514,0.0395334546233985,0.0548455664167819,0.0534388298116384,0.0514618556861263,0.0654314341925335,0.00610720348171223,0.059347707523202
"135",11.125,5.4490174159388e-06,0.000514950775726319,5.99613167586798e-05,0.00173069996152912,0.0622964209649627,0.00273935381039186,0.018320098679665,0.0375229429383419,0.0378387408746514,0.0388885847119697,0.0547104722071163,0.053318493411807,0.0513530465996514,0.0652835909689848,0.00600911836547702,0.0591245177383091
"136",11.2083333333333,4.97779478625251e-06,0.000492990315647717,5.59696716051345e-05,0.00169405841118413,0.0622947632711179,0.0027046832401235,0.0181822154645976,0.0374088432667002,0.0378387408746514,0.0382485939339999,0.0545765983648256,0.053199304622191,0.0512452275872198,0.0651386219694319,0.00591313722506803,0.0589035308115441
"137",11.2916666666667,4.54732276346995e-06,0.000472001370976161,5.22443043691351e-05,0.0016583870262908,0.0622932109776728,0.00267070134519029,0.0180463726110032,0.0372969651594808,0.0378387408746514,0.0376135398581177,0.0544439252208915,0.0530812441847493,0.0511383825172092,0.064996465868042,0.00581920301545469,0.0586847099440209
"138",11.375,4.15407729789908e-06,0.000451939230598736,4.87674082642058e-05,0.00162365478009099,0.0622917573806209,0.00263738956088857,0.0179125253143158,0.0371872532238279,0.0378387408746514,0.0369834789789135,0.0543124335627332,0.0529642933024288,0.0510324956359954,0.0648570628344375,0.00572726057081552,0.0584680192078183
"139",11.4583333333333,3.79483909423501e-06,0.000432761330452616,4.55223707980769e-05,0.00158983181287988,0.062290396202658,0.00260472995261863,0.0177806300699224,0.0370796537925004,0.0378387408746514,0.0363584666875679,0.0541821046204089,0.052848433624874,0.0509275515564283,0.0647203544910034,0.00563725653149194,0.0582534235193066
"140",11.5416666666667,3.46666725687016e-06,0.000414427145608187,4.24936933870014e-05,0.001556889381438,0.062289121565987,0.00257270519016518,0.0176506446264109,0.0369741148588387,0.0378387408746514,0.0357385572427583,0.0540529200533297,0.0527336472346803,0.0508235352467397,0.0645862838716146,0.00554913927421807,0.058040888613482
"141",11.625,3.16687521431743e-06,0.000396898088047751,3.96669164042294e-05,0.00152479981094573,0.0622879279668603,0.00254129852320177,0.0175225279408187,0.0368705860146092,0.0378387408746514,0.0351238037418696,0.0539248619374648,0.052619916634164,0.0507204320198632,0.0644547953817285,0.00546285884546016,0.0578303810192519
"142",11.7083333333333,2.89300872565218e-06,0.00038013740982319,3.70285492932998e-05,0.00149353644924402,0.0622868102517483,0.00251049375795291,0.0173962401357846,0.03676901839058,0.0378387408746513,0.034514258092537,0.0537979127530143,0.052507224732628,0.0506182275231488,0.0643258347597917,0.0053783668977091,0.0576218680356332
"143",11.7916666666667,2.64282578892315e-06,0.000364110111294555,3.45660054020896e-05,0.00146307362331352,0.0622857635950301,0.00248027523495133,0.0172717424585091,0.0366693645996898,0.0378387408746513,0.0339099709845458,0.053672055372532,0.0523955548341013,0.0505169077284544,0.0641993490399122,0.0052956166285768,0.0574153177088335
"144",11.875,2.41427828705312e-06,0.000348782854169,3.22675412170809e-05,0.00143338659785159,0.062284783478108,0.00245062780783188,0.0171489972414356,0.0365715786826818,0.0378387408746513,0.0333109918621161,0.0535472730494768,0.05228489062553,0.0504164589225977,0.0640752865157488,0.00521456272255638,0.0572106988101558
"145",11.9583333333333,2.20549522097374e-06,0.000334123879075811,3.01221996992184e-05,0.00140445153583446,0.0622838656698547,0.00242153682310693,0.0170279678645677,0.0364756160560781,0.0378387408746513,0.0327173688966003,0.0534235494071745,0.0521752161654016,0.0503168676981537,0.0639535967055735,0.00513516129531577,0.0570079808147167
"146",12.0416666666667,2.01476739273303e-06,0.000320102927428665,2.81197574431203e-05,0.00137624546095793,0.0622830062083081,0.00239298810087153,0.0169086187193455,0.0363814334623805,0.0378387408746513,0.0321291489596189,0.0533008684281742,0.0520665158727831,0.0502181209445826,0.0638342303184626,0.0050573698403974,0.0568071338809189
"147",12.125,1.84053341318422e-06,0.000306691167340606,2.62506754004024e-05,0.00134874622185685,0.0622822013835344,0.00236496791638944,0.0167909151740046,0.036288988922388,0.0378387408746513,0.0315463775966628,0.0531792144439801,0.0519587745167557,0.0501202058396735,0.0637171392215759,0.0049811471782083,0.0566081288306652
"148",12.2083333333333,1.68136691970794e-06,0.000293861123370817,2.45060529255585e-05,0.00132193245800906,0.0622814477215828,0.0023374629825144,0.0166748235403482,0.0361982416895283,0.0378387408746513,0.0309690990011913,0.0530585721251456,0.0518519772062278,0.0500231098412916,0.0636022764084831,0.00490645340718743,0.0564109371302703
"149",12.2916666666667,1.53596489932629e-06,0.000281586609894897,2.28775849193081e-05,0.00129578356723525,0.0622807419694644,0.00231046043290313,0.0165603110418653,0.0361091522061048,0.0378387408746513,0.0303973559892499,0.0529389264717122,0.0517461093801128,0.0499268206794156,0.0634895959684999,0.00483324985704647,0.0562155308720467
"150",12.375,1.40313702161585e-06,0.000269842667902331,2.13575218596645e-05,0.0012702796747113,0.0622800810810882,0.00228394780597963,0.0164473457831322,0.0360216820613677,0.0378387408746513,0.0298311899746387,0.0528202628039811,0.0516411567978529,0.0498313263484532,0.0633790530569969,0.00476149904398215,0.056021882756539
"151",12.4583333333333,1.28179589409404e-06,0.000258605505036018,1.99386325252579e-05,0.00124540160341432,0.0622794622040929,0.00225791302961234,0.0163358967204366,0.0359357939513225,0.0378387408746513,0.0292706409446573,0.0527025667536017,0.0515371055302782,0.0497366150998235,0.063270603866646,0.00469116462776853,0.055829966075368
"152",12.5416666666667,1.17094816030459e-06,0.000247852438699268,1.86141692287553e-05,0.00122113084592838,0.0622788826675187,0.00223234440646792,0.0162259336335687,0.0358514516401919,0.0378387408746513,0.0287157474364543,0.0525858242549663,0.0514339419507833,0.0496426754347947,0.0631642055995701,0.00462221137063767,0.0556397546946785
"153",12.625,1.06968636772689e-06,0.00023756184206556,1.73778353906121e-05,0.00119744953754008,0.0622783399702643,0.00220723060000778,0.0161174270987252,0.0357686199234542,0.0378387408746513,0.0281665465140089,0.0524700215368964,0.0513316527268122,0.0495494960975676,0.0630598164403649,0.00455460509786487,0.0554512230391449
"154",12.7083333333333,9.77181538936034e-07,0.000227713092835684,1.62237552949346e-05,0.00117434043055785,0.0622778317702789,0.00218256062109489,0.0160103484624747,0.0356872645923843,0.0378387408746512,0.0276230737457715,0.0523551451146104,0.0512302248116352,0.0494570660685941,0.0629573955299603,0.00448831265997918,0.0552643460765295
"155",12.7916666666667,8.92676385197413e-07,0.000218286524595618,1.5146445879984e-05,0.00115178686979293,0.0622773558744425,0.0021583238151808,0.0159046698167382,0.0356073524000263,0.0378387408746512,0.0270853631829917,0.052241181781961,0.0511296454364087,0.0493653745581218,0.0628569029402915,0.00442330189652207,0.055079099302761
"156",12.875,8.15479106939294e-07,0.00020926338063673,1.41407904258753e-05,0.00112977276914338,0.0622769102290919,0.00213450985004402,0.015800363974736,0.0355288510285325,0.0378387408746512,0.0265534473387592,0.0521281186039312,0.0510299021025047,0.0492744109999554,0.0627582996497533,0.00435954160128293,0.0548954587275166
"157",12.9583333333333,7.44957730350897e-07,0.000200625770107648,1.32020140113526e-05,0.00110828258922545,0.0622764929111479,0.00211110870405276,0.0156974044478608,0.0354517290578048,0.0378387408746512,0.0260273571677858,0.0520159429093789,0.0509309825741003,0.0491841650454258,0.0626615475194066,0.00429700148894319,0.0547134008602883
"158",13.0416666666667,6.80534933742786e-07,0.000192356626374418,1.23256606202201e-05,0.00108730131600028,0.0622761021198094,0.00208811065492639,0.0155957654234333,0.03537595593538,0.0378387408746512,0.0255071220469542,0.0519046422840209,0.0508328748710159,0.0490946265575602,0.0625666092699131,0.00423565216306465,0.0545328020346949
"159",13.125,6.21683321315631e-07,0.00018443966747243,1.150757178611e-05,0.00106681444034616,0.0622757361687752,0.00206550626897148,0.0154954217433028,0.0353015019475012,0.0378387408746512,0.0249927697566611,0.0517942045636457,0.0507355672617928,0.0490057856054432,0.0624734484591722,0.00417546508535993,0.054353841044301
"160",13.2083333333333,5.67921105646151e-07,0.000176859358540059,1.07438666718145e-05,0.00104680793852988,0.062275393478961,0.00204328639076958,0.0153963488832546,0.0352283381913231,0.0378387408746512,0.0244843264629785,0.0516846178275478,0.0506390482570003,0.0489176324587632,0.0623820294606352,0.00411641254618744,0.0541763951567539
"161",13.2916666666667,5.18808163545044e-07,0.000169600876130037,1.00309234864456e-05,0.0010272682535328,0.0622750725716804,0.00202144213329499,0.0152985229331898,0.0351564365481985,0.0378387408746512,0.0239818167006608,0.0515758703921731,0.0505433066027638,0.0488301575825364,0.0622923174422733,0.00405846763621565,0.0540004427504341
"162",13.375,4.7394243299823e-07,0.000162650074300302,9.36536215023702e-06,0.00100818227718988,0.0622747720622596,0.00199996486844221,0.0152019205780432,0.0350857696579997,0.0378387408746512,0.0234852633570223,0.0514679508049699,0.0504483312745053,0.0487433516320006,0.0622042783461774,0.00400160421920392,0.0538259626404568
"163",13.4583333333333,4.32956621695063e-07,0.000155993452391488,8.744028122914e-06,0.000989537333102261,0.0622744906540582,0.00197884621794352,0.0151065190794079,0.0350163108944268,0.0378387408746512,0.0229946876567089,0.0513608478384343,0.0503541114708871,0.0486572054476738,0.0621178788687676,0.0039457969058494,0.0536529340672541
"164",13.5416666666667,3.95515200197957e-07,0.000149618124403252,8.1639773172433e-06,0.000971321160285801,0.0622742271328709,0.00195807804465851,0.015012296257836,0.0349480343412607,0.0378387408746512,0.0225101091473893,0.0512545504843459,0.0502606366079522,0.0485717100505705,0.0620330864415909,0.00389102102865435,0.0534813366855299
"165",13.625,3.61311655138069e-07,0.000143511789886484,7.62246202468426e-06,0.000953521897520313,0.0622739803616856,0.00193765244421805,0.0149192304757871,0.0348809147695193,0.0378387408746512,0.0220315456863893,0.0511490479481848,0.0501678963134531,0.04848685663757,0.0619498692126888,0.00383725261776713,0.053311150553564
"166",13.7083333333333,3.30065979950383e-07,0.000137662706272921,7.11691778500171e-06,0.000936128068365884,0.0622737492757741,0.00191756173700632,0.0148273006211963,0.0348149276154763,0.0378387408746511,0.021559013428291,0.051044329643723,0.0500758804213615,0.0484026365769301,0.0618681960285132,0.00378446837775537,0.0531423561228545
"167",13.7916666666667,3.01522382606164e-07,0.000132059662567963,6.64495113631017e-06,0.000919128566814576,0.0622735328780959,0.00189779846046522,0.0147364860916362,0.0347500489595067,0.0378387408746511,0.0210925268135213,0.0509403851877851,0.0499845789665537,0.0483190414039425,0.0617880364163733,0.00373264566526921,0.0529749342280859
"168",13.875,2.75447191577164e-07,0.000126691954336493,6.2043281863119e-06,0.000902512643547385,0.0622733302349945,0.00187835536170644,0.014646766779048,0.034686255505722,0.0378387408746511,0.0206320985579497,0.0508372043951705,0.0498939821796627,0.0482360628167233,0.0617093605673962,0.00368176246755725,0.0528088660774118
"169",13.9583333333333,2.51626942888836e-07,0.000121549359915304,5.79296394949361e-06,0.00088626989276797,0.0622731404721667,0.00185922539041703,0.0145581230550175,0.0346235245623628,0.0378387408746511,0.0201777396435177,0.0507347772737327,0.0498040804820924,0.0481536926721335,0.0616321393199825,0.00363179738179842,0.0526441332430422
"170",14.0416666666667,2.29866632602221e-07,0.00011662211778929,5.40891239877739e-06,0.00087039023958612,0.0622729627708892,0.00184040169204533,0.0144705357565746,0.034561834022914,0.0378387408746511,0.0197294593099193,0.0506330940196083,0.0497148644811884,0.0480719229818257,0.0615563441437408,0.00358272959521289,0.052480717652115
"171",14.125,2.09988120418518e-07,0.000111900905071943,5.05035718359795e-06,0.000854863927925322,0.0622727963644842,0.00182187760125443,0.0143839861724926,0.0345011623479154,0.0378387408746511,0.0192872650473521,0.0505321450125916,0.0496263249655572,0.0479907459084118,0.0614819471238865,0.00353453886592092,0.0523186015778518
"172",14.2083333333333,1.91828671337468e-07,0.000107376817033875,4.71560296962003e-06,0.00083968150893013,0.0622726405350109,0.00180364663563127,0.0142984560300698,0.0344414885474347,0.0378387408746511,0.0188511625903585,0.050431920811649,0.049538452900531,0.0479101537617475,0.0614089209460874,0.00348720550451687,0.0521577676309884
"173",14.2916666666667,1.75239623430875e-07,0.000103041347626081,4.4030673583312e-06,0.000824833829850273,0.0622724946101667,0.00178570248964004,0.014213927482371,0.0343827921641781,0.0378387408746511,0.0184211559127735,0.0503324121505681,0.0494512394237713,0.0478301389953287,0.0613372388817431,0.00344071035632743,0.0519981987514558
"174",14.375,1.60085170825019e-07,9.88863709474994e-05,4.11127334756172e-06,0.000810312023379605,0.0622723579603852,0.00176803902880881,0.0141303830959123,0.0343250532572102,0.0378387408746511,0.0179972472237968,0.0502336099337373,0.0493646758410062,0.047750694202797,0.0612668747736827,0.00339503478432668,0.0518398782003231
"175",14.4583333333333,1.46241251928873e-07,9.49041236091038e-05,3.83884229660933e-06,0.000796107497429124,0.0622722299961202,0.00175065028413945,0.0140478058387699,0.0342682523862587,0.0378387408746511,0.0175794369652047,0.05013550523205,0.0492787536218982,0.0476718121145495,0.0611978030222681,0.00335016065267957,0.0516827895519717
"176",14.5416666666667,1.33594533806636e-07,9.10871879492737e-05,3.58448736209443e-06,0.000782211925314335,0.0622721101653004,0.00173353044673076,0.013966179069097,0.0342123705965789,0.0378387408746511,0.0171677238097164,0.0500380892789309,0.0491934643960349,0.0475934855944493,0.061129998571889,0.00330607031088725,0.051526916686511
"177",14.625,1.22041484380159e-07,8.74284760576002e-05,3.34700737295364e-06,0.000768617236338215,0.0622719979509474,0.00171667386260567,0.0138854865240327,0.0341573894043569,0.0378387408746511,0.0167621046605293,0.0499413534664781,0.0491087999490416,0.0475157076366342,0.0610634368978373,0.00326274657851122,0.0513722437824195
"178",14.7083333333333,1.11487524865877e-07,8.39212145665206e-05,3.12528111510752e-06,0.000755315606751965,0.062271892868945,0.00170007502773362,0.0138057123089857,0.034103290782627,0.037838740874651,0.016362574652034,0.0498452893417185,0.0490247522188084,0.0474384713624175,0.0609980939935486,0.00322017273044928,0.0512187553093938
"179",14.7916666666667,1.01846255507691e-07,8.0558930172314e-05,2.9182619983219e-06,0.000742299451076661,0.0622717944659496,0.00168372858323977,0.0137268408872804,0.0340500571476845,0.037838740874651,0.0159691271517236,0.0497498886029721,0.0489413132918306,0.0473617700172815,0.0609339463581981,0.00317833248274435,0.0510664360214201
"180",14.875,9.30387482672744e-08,7.73354358490025e-05,2.72497307963232e-06,0.000729561413769678,0.0622717023174344,0.00166762931079291,0.0136488570701495,0.0339976713459729,0.037838740874651,0.0155817537633042,0.0496551430963204,0.0488584753996554,0.0472855969679571,0.0608709709846414,0.00313720997890088,0.0509152709500391
"181",14.9583333333333,8.49929006814355e-08,7.42448177206063e-05,2.54450241942548e-06,0.000717094361220649,0.0622716160258569,0.00165177212816459,0.0135717460070607,0.033946116641427,0.037838740874651,0.015200444331018,0.0495610448121777,0.0487762309154342,0.0472099456995884,0.0608091453476873,0.00309678977669092,0.050765245397809
"182",15.0416666666667,7.76428455968952e-08,7.12814225589986e-05,2.37599874788001e-06,0.000704891374062368,0.0622715352189445,0.00163615208495212,0.0134954931763634,0.0338953767032527,0.037838740874651,0.0148251869451866,0.0494675858819592,0.0486945723505747,0.0471348098129787,0.0607484473926932,0.00305705683542845,0.0506163449319598
"183",15.125,7.0928411950294e-08,6.84398458763116e-05,2.21866742096822e-06,0.000692945739782841,0.0622714595480869,0.00162076435845853,0.013420084376245,0.0338454355941281,0.037838740874651,0.0144559679489799,0.0493747585748443,0.0486134923514902,0.0470601830219154,0.0606888555244727,0.00301799650369383,0.0504685553782263
"184",15.2083333333333,6.47946321791146e-08,6.57149205824479e-05,2.0717666466189e-06,0.000681250945625305,0.062271388686833,0.00160560424972303,0.0133455057159823,0.0337962777588066,0.037838740874651,0.0140927719464167,0.0492825552946316,0.0485329836964424,0.046986059150571,0.0606303485965043,0.00297959450749052,0.0503218628148555
"185",15.2916666666667,5.91912922309457e-08,6.31017061797771e-05,1.93460396294526e-06,0.000669800671763688,0.0622713223294817,0.00159066717969554,0.0132717436074795,0.0337478880131086,0.037838740874651,0.0137355818116013,0.0491909685766814,0.0484530392924758,0.0469124321309775,0.0605729059004349,0.00294183693881589,0.0501762535667945
"186",15.375,5.40725204872533e-08,6.05954784685378e-05,1.80653295165767e-06,0.000658588784741604,0.0622712601897631,0.00157594868554937,0.0131987847570802,0.0337002515332857,0.037838740874651,0.0133843786991975,0.0490999910849451,0.0483736521724381,0.0468392960005724,0.0605165071558646,0.00290471024463057,0.0500317142000284
"187",15.4583333333333,4.939641223639e-08,5.81917197378227e-05,1.68695017091529e-06,0.00064760933116349,0.0622712019996031,0.0015614444171264,0.0131266161576437,0.0336533538457424,0.037838740874651,0.0130391420561415,0.0490096156090755,0.0482948154920861,0.0467666448998125,0.0604611325004076,0.00286820121621123,0.049888231516087
"188",15.5416666666667,4.51246866216006e-08,5.58861094183158e-05,1.57529229292772e-06,0.000636856531627125,0.0622711475079672,0.00154715013350928,0.0130552250808754,0.0336071808171019,0.037838740874651,0.0126998496345946,0.0489198350616191,0.048216522527273,0.0466944730698552,0.0604067624800193,0.00283229697886911,0.0497457925467045
"189",15.625,4.12223732556346e-08,5.36745151741721e-05,1.47103343260428e-06,0.000626324774887167,0.0622710964797769,0.00153306169971542,0.0129845990699026,0.0335617186446035,0.037838740874651,0.0123664775061309,0.0488306424752833,0.048138766671215,0.046622774850303,0.0603533780395805,0.00279698498202374,0.0496043845486216
"190",15.7083333333333,3.76575259364445e-08,5.1552984412579e-05,1.37368265446803e-06,0.000616008612239947,0.0622710486948958,0.00151917508350793,0.0129147259320854,0.0335169538468175,0.0378387408746509,0.0120390000771603,0.0487420310002805,0.0480615414318335,0.0465515446770111,0.0603009605137327,0.00276225298961508,0.049463994998539
"191",15.7916666666667,3.44009611203099e-08,4.95177361906373e-05,1.28278164590979e-06,0.000605902752120123,0.0622710039471796,0.0015054863523187,0.0128455937320554,0.0334728732546667,0.0378387408746509,0.0117173901055791,0.0486539939017432,0.0479848404291719,0.0464807770799543,0.0602494916179551,0.00272808907084177,0.0493246115882036
"192",15.875,3.14260190114022e-08,4.75651535002311e-05,1.19790254565686e-06,0.000596002054900292,0.0622709620435868,0.00149199167027915,0.0127771907849723,0.033429464002742,0.0378387408746509,0.0114016187186429,0.0485665245572098,0.0479086573928834,0.0464104666811526,0.0601989534398772,0.00269448159121399,0.0491862222196326
"193",15.9583333333333,2.87083453119554e-08,4.56917759125344e-05,1.11864591707802e-06,0.000586301527885065,0.0622709228033458,0.00147868729535432,0.0127095056499927,0.0333867135209018,0.0378387408746509,0.0110916554320547,0.0484796164541776,0.0478329861597876,0.0463406081926527,0.0601493284308182,0.00266141920390717,0.0490488150004694
"194",16.0416666666667,2.62256918463469e-08,4.38942925647359e-05,1.04463885664163e-06,0.000576796320491462,0.062270886057175,0.00146556957657619,0.0126425271239401,0.0333446095261443,0.0378387408746509,0.0107874681702568,0.0483932631877218,0.0477578206714947,0.0462711964145644,0.060100599397549,0.00262889084140705,0.0489123782394588
"195",16.125,2.39577344268993e-08,4.21695354724335e-05,9.75533228493429e-07,0.000567481719607928,0.0622708516465525,0.00145263495137242,0.0125762442351729,0.0333031400147416,0.0378387408746509,0.0104890232879175,0.0483074584581779,0.0476831549720938,0.046202226233149,0.0600527494942671,0.00259688570743255,0.0487769004420496
"196",16.2083333333333,2.18859064703678e-08,4.0514473151992e-05,9.11004016725486e-07,0.00055835314512455,0.0622708194230321,0.00143987994298651,0.0125106462376395,0.0332622932546276,0.0378387408746509,0.010196285592598,0.0482221960688856,0.0476089832059035,0.0461336926189597,0.06000576221478,0.00256539326912819,0.0486423703061162
"197",16.2916666666667,1.99932470030172e-08,3.89262045379408e-05,8.50747787473049e-07,0.000549406145627457,0.0622707892476029,0.00142730115798607,0.0124457226051161,0.033222057778029,0.0378387408746509,0.00990921836858664,0.0481374699239921,0.0475352996152839,0.0460655906250303,0.0599596213848903,0.00253440324951526,0.0485087767177895
"198",16.375,1.82642618099857e-08,3.74019531812349e-05,7.94481253502418e-07,0.000540636394250668,0.0622707609900897,0.00141489528385554,0.0123814630256205,0.0331824223743306,0.0378387408746509,0.00962778340188448,0.0480532740263133,0.0474620985385062,0.0459979153851131,0.0599143111549764,0.00250390562019087,0.0483761087473997
"199",16.4583333333333,1.66847965922374e-08,3.5939061714918e-05,7.41939934444603e-07,0.000532039684678946,0.062270734528591,0.00140265908667025,0.0123178573959944,0.0331433760831673,0.0378387408746509,0.00935194100632376,0.0479696024752507,0.0473893744076803,0.0459306621119617,0.0598698159927632,0.00247389059426728,0.0482443556455318
"200",16.5416666666667,1.52419210927065e-08,3.45349865743902e-05,6.92876906287801e-07,0.000523611927295569,0.0622707097489537,0.00139058940884859,0.0122548958166499,0.033104908187733,0.0378387408746509,0.00908165005080127,0.0478864494647627,0.0473171217467363,0.0458638260956599,0.0598261206762765,0.0024443486195419,0.0481135068391754
"201",16.625,1.39238232430342e-08,3.31872929601246e-05,6.47061634169311e-07,0.000515349145469109,0.0622706865442799,0.00137868316697934,0.0121925685864733,0.0330670082083001,0.0378387408746509,0.00881686798760547,0.0478038092813883,0.0472453351694595,0.0457974027019937,0.0597832102869772,0.00241527037188927,0.0479835519279848
"202",16.7083333333333,1.27197124643317e-08,3.18936500312783e-05,6.04278882906439e-07,0.000507247471973664,0.0622706648144664,0.00136693734972121,0.0121308661978812,0.0330296658959406,0.0378387408746508,0.00855755088181512,0.0477216763023211,0.0471740093775778,0.0457313873708653,0.0597410702030686,0.00238664674886668,0.0478544806806292
"203",16.7916666666667,1.16197313303453e-08,3.06518263192178e-05,5.6432770007797e-07,0.000499303145537175,0.0622706444657724,0.00135534901577198,0.0120697793320237,0.0329928712264433,0.0378387408746508,0.00830365344174573,0.047640044993534,0.0471031391588978,0.045665775614748,0.059699686092972,0.00235846886352653,0.0477262830312405
"204",16.875,1.06148748698545e-08,2.94596853505198e-05,5.27020466814958e-07,0.000491512507512711,0.0622706254104154,0.00134391529190446,0.0120092988541291,0.0329566143944174,0.0378387408746508,0.00805512905041837,0.0475589099079501,0.0470327193854906,0.0456005630171814,0.0596590439089665,0.00233072803842704,0.0475989490759534
"205",16.9583333333333,9.69691684767373e-09,2.83151814695238e-05,4.9218201178341e-07,0.000483871998667856,0.062270607566192,0.00133263337106687,0.0119494158089858,0.0329208858075796,0.0378387408746508,0.00781192979802378,0.0474782656836615,0.0469627450119234,0.0455357452313039,0.0596191298809875,0.00230341579983429,0.0474724690695334
"206",17.0416666666667,8.85834242076070e-09,2.72163558510033e-05,4.59648784143521e-07,0.000476378156087511,0.062270590856124,0.00132150051054516,0.011890121416557,0.0328856760812142,0.0378387408746508,0.00757400651535358,0.0473981070421914,0.0468932110735378,0.0454713179784238,0.0595799305105794,0.00227652387210875,0.0473468334220875
"207",17.125,8.09228661811958e-09,2.61613326939823e-05,4.29268081552023e-07,0.000469027610185647,0.0622705752081256,0.00131051403018496,0.0118314070677222,0.0328509760328032,0.0378387408746508,0.00734130880816829,0.0473184287868016,0.0468241126847712,0.045407277046625,0.0595414325649987,0.00225004417226993,0.0472220326958657
"208",17.2083333333333,7.392478140868e-09,2.51483155881673e-05,4.00897329537091e-07,0.000461817081821733,0.0622705605546929,0.00129967131067102,0.011773264320143,0.0328167766768192,0.0378387408746508,0.00711378509247085,0.0472392258008412,0.0467554450375214,0.0453436182894094,0.0595036230714622,0.00222396880473197,0.0470980576021379
"209",17.2916666666667,6.75318802238743e-09,2.41755840448794e-05,3.74403408820646e-07,0.000454743379517756,0.0622705468326123,0.00128896979186192,0.0117156848942485,0.0327830692196749,0.0378387408746508,0.00689138263065281,0.0471604930461365,0.046687203399553,0.0452803376243718,0.0594664893115368,0.00219829005620531,0.0469748989981481
"210",17.375,6.16918272826468e-09,2.32414901847695e-05,3.4966202739173e-07,0.000447803396771916,0.0622705339826883,0.00127840697117807,0.0116586606693345,0.0327498450548251,0.0378387408746508,0.00667404756847866,0.0470822255614212,0.0466193831129438,0.0452174310319092,0.0594300188156675,0.00217300039075696,0.0468525478841516
"211",17.4583333333333,5.63568131207821e-09,2.23444555749732e-05,3.26557134348191e-07,0.000440994109465252,0.0622705219494876,0.0012679804020411,0.0116021836797766,0.0327170957580149,0.0378387408746508,0.00646172497287271,0.047004418460805,0.0465519795925697,0.0451548945539608,0.0593941993578378,0.00214809244502556,0.0467309954005201
"212",17.5416666666667,5.14831627628601e-09,2.14829682087218e-05,3.04980372723183e-07,0.000434312573357616,0.0622705106811002,0.00125768769236259,0.0115462461113485,0.0326848130826693,0.0378387408746508,0.00625435887047146,0.0469270669322797,0.0464849883246286,0.0450927242927802,0.0593590189503609,0.00212355902358408,0.0466102328249177
"213",17.625,4.70309781780358e-09,2.06555796207616e-05,2.84830568698844e-07,0.000427755921669558,0.0622705001289156,0.00124752650308064,0.011490840297647,0.0326529889554193,0.0378387408746508,0.00605189228690306,0.0468501662362618,0.0464184048652003,0.045030916409737,0.0593244658387969,0.00209939309444596,0.0464902515695572
"214",17.7083333333333,4.29638116556926e-09,1.98609021322579e-05,2.66013254783007e-07,0.000421321362746851,0.0622704902474129,0.00123749454674226,0.0114359587166156,0.0326216154717608,0.0378387408746507,0.00585426728675428,0.046773711704171,0.0463522248388423,0.0449694671241483,0.0592905284969924,0.00207558778471006,0.046371043178505
"215",17.7916666666667,3.92483674270649e-09,1.90976062191644e-05,2.48440224686624e-07,0.000415006177804481,0.0622704809939642,0.00122758958613012,0.0113815939871675,0.0325906848918402,0.0378387408746507,0.00566142501418421,0.046697698737042,0.0462864439372198,0.0449083727121379,0.0592571956222399,0.00205213637633794,0.0462525993250732
"216",17.875,3.58542290901646e-09,1.83644179983297e-05,2.3202911779059e-07,0.000408807718747115,0.0622704723286514,0.00121780943293201,0.0113277388659016,0.032560189636363,0.0378387408746507,0.00547330573414264,0.0466221228041711,0.0462210579177705,0.0448476295055241,0.0592244561305523,0.00202903230206042,0.0461349118092595
"217",17.9583333333333,3.27536106065786e-09,1.76601168258873e-05,2.16703031231575e-07,0.000402723406063142,0.0622704642140933,0.00120815194645152,0.0112743862439105,0.0325301222826229,0.0378387408746507,0.00528984887415014,0.0465469794417938,0.0461560626024006,0.0447872338907335,0.0591922991520515,0.00200626914140922,0.0460179725552533
"218",18.0416666666667,2.99211288316799e-09,1.69835330027387e-05,2.02390157767926e-07,0.000396750726789519,0.0622704566152847,0.00119861503235845,0.0112215291436765,0.032500475560644,0.0378387408746507,0.00511099306659571,0.0464722642517953,0.0460914538762137,0.0447271823077412,0.0591607140264657,0.0019838406168674,0.0459016264782562
"219",18.125,2.73335957160755e-09,1.63335455821869e-05,1.89023447709426e-07,0.000390887232544774,0.0622704494994452,0.00118919664147757,0.0111691607160533,0.0324712423494359,0.0378387408746507,0.00493667619150696,0.0463979729004505,0.0460272276862695,0.0446674712490363,0.0591296902987336,0.00196174059013643,0.0457861600051152
"220",18.2083333333333,2.49698284771537e-09,1.57090802750149e-05,1.76540293309124e-07,0.000385130537627614,0.062270442835878,0.00117989476861431,0.0111172742373306,0.0324424156733557,0.0378387408746507,0.00476683541974686,0.0463241011171947,0.0459633800403732,0.0446080972586121,0.0590992177147124,0.0019399630585154,0.0456714182874866
"221",18.2916666666667,2.28104761867018e-09,1.51091074475275e-05,1.64882234122336e-07,0.000379478317178712,0.0622704365958372,0.00117070745141632,0.0110658631063781,0.0324139886985737,0.0378387408746507,0.00460140725659007,0.0462506446934222,0.0458999070058936,0.0445490569309801,0.0590692862169872,0.00191850215138811,0.0455573937225904
"222",18.375,2.08378613549612e-09,1.45326402082898e-05,1.53994681937549e-07,0.000373928305403318,0.0622704307524042,0.00116163276926931,0.0110149208418681,0.0323859547296404,0.0378387408746507,0.00444032758563157,0.0461775994813141,0.0458368047086095,0.044490346910207,0.0590398859407781,0.00189735212681497,0.045444078820244
"223",18.4583333333333,1.9035835214248e-09,1.39787325794975e-05,1.43826663977022e-07,0.000368478293852457,0.062270425280371,0.00115266884222624,0.0109644410795728,0.0323583072061502,0.0378387408746507,0.00428353171297901,0.0461049613926929,0.0457740693315833,0.044431963888975,0.0590110072099429,0.00187650736822542,0.0453314662007095
"224",18.5416666666667,1.73896455174241e-09,1.34464777491067e-05,1.34330583151667e-07,0.000363126129760568,0.0622704201561321,0.00114381382996871,0.0109144175697338,0.0323310396994998,0.0378387408746507,0.00413095441168002,0.0460327263979036,0.0457116971140618,0.0443739046076631,0.0589826405330738,0.00185596238120922,0.0452195485925862
"225",18.625,1.58858157689517e-09,1.29350064000369e-05,1.254619942358e-07,0.000357869714437511,0.0622704153575821,0.0011350659307992,0.0108648441745033,0.032304145909737,0.0378387408746507,0.00398252996633499,0.0459608905247207,0.0456496843504022,0.0443161658534508,0.058954776599683,0.00183571179040043,0.0451083188307514
"226",18.7083333333333,1.45120348998612e-09,1.24434851129315e-05,1.17179394902965e-07,0.000352707001712956,0.0622704108640206,0.00112642338066346,0.0108157148654526,0.0322776196624983,0.0378387408746506,0.00383819221784533,0.0458894498572808,0.045588027389024,0.0442587444594413,0.058927406276478,0.00181575033645398,0.044997769854359
"227",18.7916666666667,1.32570564834574e-09,1.197111483913e-05,1.09444030634565e-07,0.000347635996431269,0.0622704066560632,0.00111788445220168,0.0107670237211475,0.0322514549060314,0.0378387408746506,0.00369787460824708,0.045818400535039,0.0455267226313848,0.0442016373038064,0.0589005206037219,0.00179607287311023,0.0448878947048688
"228",18.875,1.21106066666957e-09,1.15171294406602e-05,1.0221971257887e-07,0.000342654752995049,0.0622704027155571,0.00110944745382777,0.010718764924787,0.0322256457083004,0.0378387408746506,0.00356151022557907,0.0457477387517495,0.0454657665309805,0.0441448413089498,0.0588741107916776,0.00177667436434403,0.0447786865241349
"229",18.9583333333333,1.10633000635118e-09,1.10807942942122e-05,9.54726474994454e-08,0.000337761373955575,0.0622703990255037,0.00110111072883553,0.0106709327619054,0.0322001862541711,0.0378387408746506,0.00342903184873487,0.0456774607544694,0.0454051555923678,0.0440883534406899,0.0588481682171331,0.00175754988159749,0.044670138552533
"230",19.0416666666667,1.01065629215664e-09,1.06614049561951e-05,8.91712790093391e-08,0.000332954008648484,0.0622703955699844,0.00109287265453103,0.0106235216181335,0.0321750708426733,0.0378387408746506,0.00330037199224772,0.0456075628425846,0.0453448863702103,0.0440321707074615,0.058822684420006,0.00173869460109177,0.0445622441271268
"231",19.125,9.23256293341074e-10,1.02582858861173e-05,8.32861393409206e-08,0.00032823085187304,0.0622703923340926,0.00108473164139022,0.010576525977019,0.0321502938843385,0.0378387408746506,0.00317546295095723,0.0455380413668581,0.0452849554683456,0.0439762901595352,0.0587976511000257,0.00172010380121645,0.0444549966798826
"232",19.2083333333333,8.43414511747568e-10,9.87078922565526e-06,7.77897109511833e-08,0.000323590142613474,0.0622703893038691,0.00107668613224086,0.0105299404179033,0.0321258498986101,0.0378387408746506,0.00305423684450713,0.0454688927284995,0.0452253595388742,0.0439207088882546,0.0587730601134899,0.00170177285999307,0.0443483897359211
"233",19.2916666666667,7.70477324397289e-10,9.49829363090464e-06,7.26562973089507e-08,0.000319030162800875,0.062270386466242,0.00106873460146816,0.0104837596138532,0.0321017335113237,0.0378387408746506,0.00293662566162317,0.0454001133782547,0.0451660952812691,0.0438654240252905,0.0587489034700954,0.00168369725261186,0.0442424169118091
"234",19.375,7.03847632619438e-10,9.14020315541884e-06,6.78619022539129e-08,0.000314549236114215,0.0622703838089702,0.00106087555424316,0.0104379783296463,0.0320779394522557,0.0378387408746506,0.00282256130412067,0.0453316998155173,0.045107159441505,0.0438104327419119,0.058725173329839,0.00166587254903783,0.0441370719138899
"235",19.4583333333333,6.42979973916194e-10,8.79594618175544e-06,6.33841173580389e-08,0.000310145726819119,0.0622703813205904,0.0010531075257732,0.0103925914198075,0.0320544625527381,0.0378387408746506,0.00271197563059149,0.0452636485874575,0.0450485488112084,0.043755732248273,0.0587018619999887,0.00164829441168457,0.0440323485366488
"236",19.5416666666667,5.87376056546037e-10,8.46497439935489e-06,5.92020167577897e-08,0.000305818038643068,0.0622703789903682,0.00104542908057374,0.0103475938266961,0.0320312977433369,0.0378387408746505,0.00260480049972063,0.0451959562881724,0.0449902602268254,0.0437013197927163,0.0586789619321225,0.00163095859315365,0.0439282406611189
"237",19.625,5.36580680269434e-10,8.14676182667745e-06,5.52960589609338e-08,0.00030156461368575,0.0622703768082514,0.00103783881176079,0.0103029805786418,0.0320084400515927,0.0378387408746505,0.00250096781318319,0.0451286195578533,0.0449322905688087,0.0436471926610912,0.0586564657192334,0.00161386093403793,0.0438247422533214
"238",19.7083333333333,4.90178009862139e-10,7.84080387562009e-06,5.16479951647732e-08,0.000297383931363345,0.0622703747648265,0.0010303353403634,0.0102587467881273,0.0319858845998217,0.0378387408746505,0.00240040955807294,0.0450616350819722,0.0448746367608234,0.0435933481760868,0.0586343660928977,0.00159699736078556,0.043721847362738
"239",19.7916666666667,4.47788170889339e-10,7.54661645632669e-06,4.82407836534003e-08,0.000293274507385558,0.0622703728512785,0.00102291731465539,0.0102148876500173,0.0319636266029741,0.0378387408746505,0.0023030578488147,0.0449949995904854,0.0448172957689688,0.0435397836965803,0.0586126559205074,0.00158036388362426,0.0436195501208172
"240",19.875,4.09064139871991e-10,7.26373512059173e-06,4.50585098703581e-08,0.000289234892764274,0.0622703710593527,0.00101558340950588,0.0101713984398315,0.0319416613665501,0.0378387408746505,0.00220884496851311,0.0449287098570546,0.0447602646010194,0.0434864966169989,0.0585913282025626,0.00156395659454256,0.0435178447395172
"241",19.9583333333333,3.73688903386786e-10,6.99171424214057e-06,4.20863117899245e-08,0.000285263672852747,0.0622703693813189,0.00100833232574784,0.0101282745120618,0.03191998428457,0.0378387408746505,0.00211770340969164,0.0448627626982849,0.0447035403056805,0.0434334843666959,0.0585703760700243,0.00154777166532738,0.0434167255098774
