"","hazKM","Time","AtRisk","Events","hazLT","lnTime","MyId","EventsL","surv","timedelta","exp","weibull","gamma","lnorm","gompertz","llogis","gengamma","FP1","FP2","RCS","RP-hazard","RP-odds","RP-normal","GAM","param-mix","mix-cure"
"1",0.0126984126984127,0.0416666666666667,315,4,0.012779552715655,-3.17805383034795,1,0,0.987301587301587,0.0833333333333333,0.0240932129581015,0.0451991524356934,0.0407630004865797,0.0179708628566083,0.0414959808168485,0.0285328484401373,0.00699983594701507,0.0406207229357404,0.0110526263916492,0.0266039812973771,0.010862122442794,0.0105284458745211,0.00967339534002957,0.028935755522186,0.00844984179045802,0.00847740730803181
"2",0.0161030595813204,0.125,310.5,5,0.0162337662337662,-2.07944154167984,2,4,0.971403011016538,0.0833333333333333,0.0240932129581015,0.0368113079399133,0.0333122251099533,0.0332423772315208,0.0405021019771039,0.0329634092064503,0.0321123861659239,0.0396713723686173,0.0307642392860673,0.0282215329516078,0.0281339136900009,0.0283457503680564,0.0309520359736268,0.0301004630562184,0.0282770455101616,0.028003774974115
"3",0.0623973727422003,0.208333333333333,304.5,19,0.0644067796610169,-1.56861591791385,3,5,0.910790015255243,0.0833333333333333,0.0240932129581015,0.0334602594734215,0.0304844753249109,0.0373221957801264,0.039532027735507,0.0345750512772075,0.0415958520463664,0.0387437583469835,0.0367822506728632,0.0299023169073977,0.0375209399936845,0.0381179899329641,0.0388960080035263,0.0312863334872754,0.0376111992646449,0.0374644302384749
"4",0.0351493848857645,0.291666666666667,284.5,10,0.035778175313059,-1.23214368129263,4,19,0.878776306458925,0.0833333333333333,0.0240932129581015,0.031421405458669,0.0288250277622409,0.0382148438323305,0.0385851879431923,0.0352313553240149,0.0441320978988994,0.0378374043117473,0.0390137377911083,0.031594924322606,0.0416180254980107,0.0421148156936775,0.0409712211725187,0.0324549437017157,0.0416222965990143,0.0416001813321372
"5",0.0402930402930403,0.375,273,11,0.0411214953271028,-0.980829253011726,5,10,0.843367737334207,0.0833333333333333,0.0240932129581015,0.029980039872983,0.0276863260051725,0.0379387476847343,0.0376610261070479,0.0354011572785781,0.0440245679714297,0.0369518431540813,0.0397657619927079,0.033236471135418,0.0424962217024144,0.0426216337004194,0.0406602815720755,0.0335623162502642,0.0430747616542386,0.0431350828998045
"6",0.0230769230769231,0.458333333333333,260,6,0.0233463035019455,-0.780158557549575,6,11,0.823905404934186,0.0833333333333333,0.0240932129581015,0.0288767551294227,0.0268370797639547,0.0371885879153724,0.0367589990626439,0.0352845701197969,0.0428783818574826,0.0360866170763802,0.0398063299158548,0.034753371315549,0.041461828232841,0.0411697560456007,0.0393613624151067,0.0345596362373289,0.043225100221203,0.0433330359352435
"7",0.0355731225296443,0.541666666666667,253,9,0.0362173038229376,-0.613104472886409,7,6,0.794596517011626,0.0833333333333333,0.0240932129581015,0.027989327239684,0.0261697584312384,0.0362476298294204,0.0358785766549942,0.0349874448904091,0.0413404531260481,0.0352412774527357,0.0394611060608042,0.0360632455841611,0.0393267727754229,0.0387040288174891,0.0376764792594127,0.0353944137429539,0.0426849770173778,0.0428162465951658
"8",0.0368852459016393,0.625,244,9,0.0375782881002088,-0.470003629245736,8,9,0.765287629089066,0.0833333333333333,0.0240932129581015,0.0272508630992125,0.0256262004899456,0.0352432931988441,0.0350192414269647,0.0345727439772856,0.0396897064333418,0.0344153846890996,0.0388910262824623,0.0370790618905116,0.037196090051802,0.036466575229084,0.0362846250214396,0.0360127678699737,0.0417729720061414,0.0419113058943655
"9",0.0340425531914894,0.708333333333333,235,8,0.0346320346320346,-0.344840486291729,9,9,0.739235284269013,0.0833333333333333,0.0240932129581015,0.0266209563899952,0.0251716488564266,0.0342360259871893,0.0341804883151443,0.0340807255419453,0.0380506041966707,0.0336085080832962,0.0381843948027766,0.0377493205664071,0.0356458428165253,0.0350172071459519,0.0354348496409562,0.0363855964353207,0.0406640259908819,0.0407986740725343
"10",0.0440528634361234,0.791666666666667,227,10,0.045045045045045,-0.233614851181505,10,8,0.706669853243946,0.0833333333333333,0.0240932129581015,0.0260734219115651,0.0247838021413251,0.0332549382647027,0.0333618243530006,0.0335383810291874,0.0364781819586369,0.0328202256850388,0.037393464748999,0.0380834134386121,0.0346197236536795,0.034203412015081,0.0349889447239387,0.0365237927317782,0.0394580284920515,0.0395819745408203
"11",0.0369515011547344,0.875,216.5,8,0.0376470588235294,-0.133531392624523,11,10,0.680557341345787,0.0833333333333333,0.0240932129581015,0.0255903699497367,0.0244475654580987,0.0323135997734105,0.0325627683811446,0.0329643992931497,0.0349947716186207,0.0320501241560889,0.0365509536492738,0.038105372435755,0.034038069732228,0.0338808156645256,0.0348412571868166,0.0364461382097777,0.038213572469016,0.038322334452131
"12",0.0240384615384615,0.958333333333333,208,5,0.024330900243309,-0.0425596144187959,12,8,0.664197789871128,0.0833333333333333,0.0240932129581015,0.0251590640942982,0.0241522865279555,0.0314175799375661,0.0317828507645357,0.032372008837445,0.0336068997838878,0.0312977986306947,0.0356782516746167,0.0378473585322197,0.0338259431052734,0.0339325486102957,0.034914477253749,0.0361752432753682,0.0369655675593054,0.0370563995147404
"13",0.0443349753694581,1.04166666666667,203,9,0.0453400503778338,0.0408219945202552,13,5,0.634750597216743,0.0833333333333333,0.0240932129581015,0.02477013182098,0.0238901920762696,0.0305682509143191,0.0310216131164594,0.031770711825828,0.0323134453606745,0.0305628525764309,0.0347898182792016,0.0373472002779956,0.0339206888083615,0.0342686315088884,0.0351525257099977,0.0357363430698655,0.0357348872102121,0.0358062444505544
"14",0.0361757105943152,1.125,193.5,7,0.0368421052631579,0.117783035656383,14,9,0.611788043312262,0.0833333333333333,0.0240932129581015,0.0244164861583499,0.0236554514614904,0.0297647863243405,0.0302786080291167,0.0311673949071931,0.0311097140502905,0.029844897655558,0.0338956830190122,0.0366460329597789,0.0342723877057259,0.0348207334679491,0.035514542202208,0.0351561679052793,0.034533869394192,0.0345850454891399
"15",0.032258064516129,1.20833333333333,186,6,0.0327868852459016,0.189241999638528,15,7,0.592052945140898,0.0833333333333333,0.0240932129581015,0.0240926452675163,0.0234435893453641,0.0290052431418322,0.0295533988106653,0.0305670686109802,0.0299895157542123,0.0291435535870082,0.0330029399416841,0.0357861833909697,0.034669630125976,0.0353428187371658,0.0358070982596393,0.0344619367551213,0.0333695597555731,0.0334004365189184
"16",0.0111111111111111,1.29166666666667,180,2,0.0111731843575419,0.255933374137201,16,6,0.585474579083777,0.0833333333333333,0.0240932129581015,0.023794286377698,0.0232511028485687,0.0282871584280567,0.0288455592285598,0.029973374776001,0.0289462295723361,0.0284584480090993,0.0321166781714275,0.0348093965595786,0.0347982604127375,0.0354933003078558,0.0357570265873741,0.03368050586143,0.0322456777281327,0.0322565505483241
"17",0.0449438202247191,1.375,178,8,0.0459770114942529,0.318453731118535,17,2,0.559161114855293,0.0833333333333333,0.0240932129581015,0.0235179437686803,0.0230752037571005,0.0276078809978683,0.0281546732590389,0.029388943490911,0.0279733417589783,0.0277892163430702,0.0312405820431845,0.0337554545297562,0.0346846350616381,0.035325356746338,0.0354216974965827,0.0328376894349252,0.0311638363356099,0.0311552904992002
"18",0.0411764705882353,1.45833333333333,170,7,0.042042042042042,0.377294231141468,18,8,0.536136833655369,0.0833333333333333,0.0240932129581015,0.0232607985550718,0.0229136400362183,0.0269647546628866,0.0274803348426128,0.0288156492940942,0.0270647044830721,0.0271355016575251,0.0303773299444666,0.0326611989036909,0.0343576092539884,0.0348915842357229,0.0348537011758761,0.0319577564964788,0.0301243134661546,0.0300971355189392
"19",0.0552147239263804,1.54166666666667,163,9,0.056782334384858,0.432864082296279,19,7,0.506534186398324,0.0833333333333333,0.0240932129581015,0.0230205288244012,0.0227645692391807,0.0263552168800206,0.0268221476454064,0.0282547981506767,0.0262146455882143,0.0264969545338664,0.0295288663913158,0.0315599379498565,0.033842570142376,0.0342375201962132,0.034096552845184,0.0310630976535954,0.0291265470335374,0.0290816605699181
"20",0.025974025974026,1.625,154,4,0.0263157894736842,0.485507815781701,20,9,0.493377454284082,0.0833333333333333,0.0240932129581015,0.0227952005409148,0.0226264668087485,0.0257768486623216,0.0261797248262197,0.0277072658085609,0.0254179992525671,0.0258732329327911,0.0286965919201266,0.0304810704002374,0.0331623556902427,0.0334028612664447,0.033186661031094,0.030173962556353,0.0281694566159367,0.028107875335698
"21",0.02,1.70833333333333,150,3,0.0202020202020202,0.535518236356362,21,4,0.4835099051984,0.0833333333333333,0.0240932129581015,0.0225831866450032,0.0224980584058848,0.025227396326554,0.0255526888091664,0.0271736013634931,0.0246700956555203,0.0252640020619184,0.0278814983188571,0.0294412263584645,0.0323377904986284,0.0324222176856064,0.0321546871617785,0.0293024510634167,0.0272516540987827,0.0271744472275394
"22",0.0204081632653061,1.79166666666667,147,3,0.0206185567010309,0.583146285345617,22,3,0.473642356112719,0.0833333333333333,0.0240932129581015,0.0223831060675428,0.0223782691364107,0.0247047770784751,0.0249406710617585,0.0266541055317066,0.0239667305975611,0.0246689342446125,0.0270842666696867,0.0284402481790642,0.0313880064829658,0.0313256596873533,0.0310265448650773,0.028449549938506,0.0263715822420196,0.0262798489104979
"23",0.0277777777777778,1.875,144,4,0.028169014084507,0.628608659422374,23,3,0.460485623998477,0.0833333333333333,0.0240932129581015,0.0221937770758144,0.0222661848873395,0.024207075518552,0.024343311878306,0.0261488902836737,0.0233041265838815,0.0240877087900568,0.0263053395725719,0.0274765338914431,0.0303306418484172,0.0301391733268802,0.0298241712781578,0.02761521710643,0.0255276058520569,0.0254224560390676
"24",0.0357142857142857,1.95833333333333,140,5,0.0363636363636364,0.672093771362113,24,4,0.444039708855674,0.0833333333333333,0.0240932129581015,0.0220141811074052,0.0221610224890938,0.0237325352762987,0.0237602601685045,0.0256579245800671,0.0226788916220394,0.0235200118646333,0.0255449751139605,0.0265485525665618,0.0291819713819739,0.0288850753643693,0.0285661440385832,0.0267993894481945,0.0247180714663145,0.0246006117997622
"25",0.0148148148148148,2.04166666666667,135,2,0.0149253731343284,0.713766467762681,25,5,0.437461342798553,0.0833333333333333,0.0240932129581015,0.0218434343963143,0.0220621064089526,0.0232795482756094,0.0231911732510863,0.025181069639133,0.0220879790264084,0.0229655363646542,0.0248032877148233,0.0256548410483509,0.0279569984879979,0.0275824046535974,0.0272681871406791,0.0260019838708695,0.0239413459518142,0.0238126691390383
"26",0.0226415094339623,2.125,132.5,3,0.0229007633587786,0.75377180237638,26,2,0.427556557678585,0.0833333333333333,0.0240932129581015,0.0216807654683643,0.0219688503448551,0.0228466431092052,0.0226357166524138,0.0247181062485015,0.0215286498550921,0.0224239817904903,0.0240802794063866,0.0247940008334773,0.0266695264839491,0.026247293324885,0.0259435925005326,0.0252228983692463,0.023195840904271,0.0230570178969939
"27",0,2.20833333333333,128.5,0,0,0.792238083204176,27,3,0.427556557678585,0.0833333333333333,0.0240932129581015,0.0215254971131489,0.0218807425424732,0.0224324733801466,0.0220935639098967,0.0242687559844531,0.0209984386702968,0.0218950541221331,0.0233758640266782,0.0239646950935249,0.0253489262164813,0.0249082797943294,0.0246185445780737,0.0244620130767846,0.0224800274563198,0.0223321016920295
"28",0.0390625,2.29166666666667,128,5,0.0398406374501992,0.829279354884525,28,0,0.410855129644266,0.0833333333333333,0.0240932129581015,0.0213770318095151,0.021797333973962,0.022035806491222,0.0215643963801181,0.0238326977339653,0.0204951227976996,0.0213784656962288,0.0226898861161263,0.0231656458337709,0.0240948966410361,0.0236538677720604,0.0233799041189095,0.0237191913035233,0.0217924446073964,0.0216364278383596
"29",0.024390243902439,2.375,123,3,0.0246913580246914,0.864997437486605,29,5,0.400834272823674,0.0833333333333333,0.0240932129581015,0.0212348398435003,0.0217182287395576,0.0216555131337017,0.0210479030515554,0.0234095805741236,0.0200166949858206,0.0208739350846125,0.0220221357981987,0.022395631182876,0.0229193344919928,0.0224910047079253,0.022233682746663,0.0229942805587946,0.0211317031932104,0.0209685725368059
"30",0.0583333333333333,2.45833333333333,120,7,0.0600858369098712,0.899483613557774,30,3,0.377452273575626,0.0833333333333333,0.0240932129581015,0.02109844954579,0.0216430762127182,0.0212905575883574,0.0205437803617878,0.0229990338124223,0.0195613392301725,0.0203811869743726,0.0213723605869811,0.0216534828079523,0.0218186648593912,0.0214130606965384,0.0211726232221803,0.0222871135567585,0.020496486944465,0.0203271828779748
"31",0.0442477876106195,2.54166666666667,113,5,0.0452488687782805,0.932820033825366,31,7,0.360750845541306,0.0833333333333333,0.0240932129581015,0.0209674392126846,0.0215715645652411,0.0209399888690904,0.0200517320190805,0.0226006748046393,0.0191274094693726,0.0198999520494682,0.020740274819735,0.0209380834496309,0.0207890771014583,0.0204136538086283,0.0201899255088086,0.0215975092029353,0.0198855516311887,0.0197109767200896
"32",0,2.625,108,0,0,0.965080896043587,32,5,0.360750845541306,0.0833333333333333,0.0240932129581015,0.0208414303754103,0.0215034153937712,0.0206029326916679,0.0195714688282439,0.0222141150266481,0.0187134108466829,0.019429966873922,0.0201255672374084,0.0202483645719103,0.0198266626559485,0.0194867331596084,0.0192792703406815,0.0209252735600841,0.0192977229790396,0.0191187411768164
"33",0.00925925925925926,2.70833333333333,108,1,0.00930232558139535,0.996333439547691,33,0,0.357410559934443,0.0833333333333333,0.0240932129581015,0.0207200821577079,0.0214383792322256,0.0202785842237037,0.0191027085206621,0.0218389647702795,0.0183179832402481,0.0189709737766052,0.019527907108904,0.0195833041217388,0.0189275138681932,0.0186266227682511,0.0184348195737305,0.020270200791937,0.0187318938304379,0.0185493302246346
"34",0.0280373831775701,2.79166666666667,107,3,0.028436018957346,1.02663878904302,34,1,0.347389703113851,0.0833333333333333,0.0240932129581015,0.0206030865181448,0.0213762317819981,0.0199662015588966,0.0186451755883934,0.0214748367522927,0.0179398867868154,0.0185227207376315,0.0189469492014976,0.01894192439345,0.0180877936069041,0.0178280390962406,0.017651202037331,0.0196320740834552,0.0181870208754711,0.018001661782406
"35",0.0289855072463768,2.875,103.5,3,0.0294117647058824,1.05605267424931,35,3,0.337320436356927,0.0833333333333333,0.0240932129581015,0.0204901642165277,0.0213167707276803,0.0196650998534578,0.0181986011222441,0.0211213488632628,0.0175779891501308,0.0180849612763714,0.0183823378304762,0.0183232899933453,0.017303783054223,0.0170860912538049,0.0169234907527905,0.0190106665364304,0.0176621211745827,0.0174747145062317
"36",0,2.95833333333333,100,0,0,1.08462604669337,36,3,0.337320436356927,0.0833333333333333,0.0240932129581015,0.020381061376704,0.0212598130334491,0.0193746460623728,0.01776272265372,0.0207781262350895,0.0172312543127112,0.0176574543410975,0.0178337101691228,0.0177265058998883,0.0165719132533943,0.0163962701092396,0.0162471754414546,0.0184057420394031,0.0171562686231726,0.0169675244658786
"37",0.02,3.04166666666667,100,2,0.0202020202020202,1.11240561080045,37,0,0.330574027629789,0.0833333333333333,0.0240932129581015,0.0202755465434809,0.021205192636408,0.0190942542156011,0.0173372840007646,0.0204448027684461,0.0168987326962054,0.0172399642002687,0.0173006989608954,0.0171507156151482,0.0158887846334888,0.0157544306090568,0.0156181329188107,0.0178170561110142,0.0166685904579587,0.0167348505839069
"38",0.0204081632653061,3.125,98,2,0.0206185567010309,1.13943428318836,38,2,0.32382761890265,0.0833333333333333,0.0240932129581015,0.0201734081512175,0.0211527584695952,0.0188233811782361,0.0169220351171906,0.0201210222322864,0.0165795524400805,0.0168322603354581,0.0167829347456965,0.0165950994032969,0.0152511776982513,0.0151567702594123,0.0150325970655183,0.0172443567160456,0.016198263869764,0.0162644962989282
"39",0.0104166666666667,3.20833333333333,96,1,0.0104712041884817,1.16575159150574,39,2,0.320454414539081,0.0833333333333333,0.0240932129581015,0.0200744523372028,0.0211023727602277,0.0185615228432419,0.016516731945719,0.0198064390246114,0.0162729116904561,0.0164341173359292,0.0162800476891088,0.0160588726121349,0.0146560572841892,0.0145998057683976,0.0144871294490531,0.0166873850535384,0.0157445127628199,0.0158113190329549
"40",0,3.29166666666667,95,0,0,1.19139402211908,40,1,0.320454414539081,0.0833333333333333,0.0240932129581015,0.0199785010452369,0.0210539095588879,0.01830821071016,0.0161211362745373,0.0195007186656357,0.0159780717704886,0.0160453147948603,0.0157916690856363,0.0155412840737828,0.0141005722003088,0.0140803491830863,0.0139785912502927,0.0161458763165057,0.0153066046835816,0.0153745521154003
"41",0.0105263157894737,3.375,95,1,0.0105820105820106,1.21639532432449,41,0,0.317081210175512,0.0833333333333333,0.0240932129581015,0.0198853903746184,0.0210072534634054,0.0180630088078685,0.0157350155972934,0.0192035380802001,0.0156943511208686,0.0156656372072187,0.0153174325930839,0.0150416145808362,0.0135820516123462,0.0135954843906827,0.0135041168661761,0.0156195604228762,0.0148838479302497,0.0149534707119448
"42",0,3.45833333333333,94,0,0,1.24078677744865,42,1,0.317081210175512,0.0833333333333333,0.0240932129581015,0.0197949691375795,0.0209622985076103,0.0178255109239016,0.015358142976443,0.0189145857149316,0.0154211199139302,0.0152948738692804,0.0148569752442859,0.014559175434441,0.0130979991932005,0.0131425445304016,0.0130610893701581,0.015108162717421,0.0144755888461358,0.014547389152249
"43",0.0106382978723404,3.54166666666667,94,1,0.0106951871657754,1.26459742614237,43,0,0.313708005811943,0.0833333333333333,0.0240932129581015,0.0197070975945218,0.0209189471902962,0.0175953381069322,0.0149902969098702,0.0186335615266065,0.0151577952578074,0.0149328187797943,0.0144099382737574,0.0140933070608948,0.0126460858023437,0.012719090639956,0.0126471178873464,0.0146114046445243,0.0140812092946079,0.0141556584260921
"44",0,3.625,93,0,0,1.28785428830664,44,1,0.313708005811943,0.0833333333333333,0.0240932129581015,0.0196216463415202,0.020877109623903,0.0173721364127448,0.0146312612007019,0.0183601768709547,0.0149038369182445,0.014579270542783,0.0139759677899825,0.0136433776935316,0.0122241412604759,0.012322891708219,0.0122600168607939,0.0141290043917588,0.0137001243098334,0.0137776638445871
"45",0.021505376344086,3.70833333333333,93,2,0.0217391304347826,1.31058253938419,45,0,0.306961597084804,0.0833333333333333,0.0240932129581015,0.019538495328722,0.0208367027858124,0.0171555748673814,0.0142808248302414,0.0180941543153518,0.0146587434952918,0.0142340322719755,0.0135547153185614,0.0132087821167892,0.0118301456366229,0.011951906202856,0.0118977871354239,0.0136606775043234,0.0133317799153404,0.0134128228604703
"46",0.010989010989011,3.79166666666667,91,1,0.0110497237569061,1.3328056761689,46,2,0.303588392721235,0.0833333333333333,0.0240932129581015,0.0194575329916801,0.0207976498579204,0.0169453436241409,0.0139387818339444,0.0178352273942033,0.0144220490004083,0.0138969114968643,0.0131458382370252,0.0127889404694969,0.0114622203519179,0.0116042650737229,0.0115585987568084,0.0132061374704899,0.0129756511011537,0.0130605830398381
"47",0.0111731843575419,3.875,89.5,1,0.0112359550561798,1.35454566280531,47,1,0.300196343640551,0.0833333333333333,0.0240932129581015,0.0193786554804562,0.0207598796424124,0.0167411522937785,0.0136049311803662,0.0175831403220839,0.0141933197866296,0.0135677200703758,0.0127490001185605,0.0123832971045565,0.0111186193188418,0.0112782561891315,0.0112407753667494,0.0127650962782844,0.0126312399496472,0.0127204201767942
"48",0,3.95833333333333,87.5,0,0,1.3758230612526,48,1,0.300196343640551,0.0833333333333333,0.0240932129581015,0.0193017659736473,0.0207233260435412,0.0165427284296153,0.0132790766530078,0.017337647676686,0.0139721517905987,0.0132462740781463,0.012363870998986,0.0119913195023175,0.0107977202701937,0.0109723101352835,0.0109427800716698,0.0123372649437094,0.0122980739000824,0.012391836542071
"49",0.0344827586206897,4.04166666666667,87,3,0.0350877192982456,1.39665714815544,49,0,0.28984474558398,0.0833333333333333,0.0240932129581015,0.0192267740664084,0.0206879276067531,0.0163498161513566,0.0129610267349923,0.0170985140611946,0.0137581680505523,0.0129323937493907,0.01199012757896,0.0116124972350723,0.0104980163835377,0.0106849872940222,0.0106632026599515,0.0119223540108791,0.0119757041419319,0.0120743592566297
"50",0,4.125,84,0,0,1.41706601978664,50,3,0.28984474558398,0.0833333333333333,0.0240932129581015,0.019153595223144,0.0206536271077929,0.0161621748932564,0.0126505944965032,0.0168655137537445,0.0135510164689171,0.0126259033693535,0.0116274533714571,0.0112463409802175,0.0102181082705322,0.0104149661068402,0.0104007480483434,0.0115200740245041,0.0116637041274155,0.0117675387814192
"51",0.0119047619047619,4.20833333333333,84,1,0.0119760479041916,1.43706668649331,51,0,0.286394212898456,0.0833333333333333,0.0240932129581015,0.01908215028688,0.0206203711854937,0.0159795782638948,0.0123475974849189,0.0166384303500252,0.0133503677921068,0.012326631193327,0.0112755388029574,0.0108923815797398,0.00995669637350089,0.0101610324311916,0.0101542258438476,0.0111301359752208,0.0113616681941209,0.0114709475147983
"52",0,4.29166666666667,83,0,0,1.45667515788169,52,1,0.286394212898456,0.0833333333333333,0.0240932129581015,0.0190123650384505,0.0205881100128556,0.015801813006261,0.0120518576175782,0.0164170564038106,0.0131559137835176,0.0120344093622253,0.0109340812754688,0.010550169143798,0.00971257379163056,0.00992206989674729,0.00992254091505375,0.0107522517183117,0.0110692102891089,0.0111841784895482
"53",0.0120481927710843,4.375,83,1,0.0121212121212121,1.47590651980958,53,0,0.282943680212933,0.0833333333333333,0.0240932129581015,0.0189441697995836,0.0205567970017727,0.0156286780480977,0.0117632010771149,0.0162011930691518,0.0129673655686603,0.0117490738196978,0.010602785195411,0.0102192721962766,0.00948461954459433,0.00969705117301737,0.00970468487500471,0.0103861343664066,0.0107859627864511,0.0109068441618703
"54",0,4.45833333333333,81.5,0,0,1.49477500411396,54,1,0.282943680212933,0.0833333333333333,0.0240932129581015,0.0188774990747683,0.0205263885374081,0.0154599836335734,0.0114814582092982,0.015990649747128,0.012784452133926,0.011470464230768,0.010281361974473,0.00989927686028717,0.00927179227090199,0.00948503006484862,0.00949972838590273,0.0100314986568006,0.0105115753907188,0.0106385752852625
"55",0.0246913580246914,4.54166666666667,81,2,0.025,1.5132940518812,55,0,0.275957416503971,0.0833333333333333,0.0240932129581015,0.0188122912274669,0.0204968437387542,0.0152955505283246,0.0112064634233212,0.015785243739368,0.0126069189626911,0.0111984239019823,0.00996953000679503,0.00958978608169183,0.00907312435087515,0.00928513435806875,0.00930681420397813,0.00968806129405482,0.0102457141194957,0.010379019862666
"56",0,4.625,78.5,0,0,1.53147637096439,56,2,0.275957416503971,0.0833333333333333,0.0240932129581015,0.0187484881868158,0.0204681242423768,0.01513520929078,0.0109380550944767,0.0155847999100063,0.0124345267943986,0.0109327997030504,0.00966701462618448,0.00929041888881436,0.00888771643908147,0.00909655934358319,0.0091251508904875,0.00935554126857993,0.00998806035852813,0.0101278421707631
"57",0.0256410256410256,4.70833333333333,78,2,0.025974025974026,1.54933398836439,57,0,0.268881585311562,0.0833333333333333,0.0240932129581015,0.0186860351814499,0.0204401940067308,0.014978799603433,0.0106760754691645,0.0153891503572922,0.012267050493928,0.0106734419899635,0.0093735480465359,0.00900080968659345,0.0087147323877513,0.00891856195424948,0.00895400712196102,0.00903366015192715,0.00973830998363665,0.00988472185078086
"58",0,4.79166666666667,76,0,0,1.5668782980153,58,2,0.268881585311562,0.0833333333333333,0.0240932129581015,0.0186248804975129,0.0204130191347709,0.014826169658409,0.0104203705721733,0.0151981340957135,0.0121042780200286,0.0104202045295708,0.00908886928817024,0.00872060758351695,0.00855339454070081,0.0087504554546882,0.00879270653943713,0.0087221423695331,0.00949617254399851,0.00964935306060155
"59",0.0131578947368421,4.875,76,1,0.0132450331125828,1.58412010444981,59,0,0.265343669715357,0.0833333333333333,0.0240932129581015,0.018564975258276,0.0203865677128649,0.014677175592266,0.0101707901161843,0.0150115967492102,0.0119460094828688,0.0101729444255973,0.00881272409242231,0.00844947574975641,0.0084029793762461,0.00859160462971731,0.00864062308249126,0.00842071545168206,0.00926137050185942,0.00942144368340214
"60",0,4.95833333333333,75,0,0,1.60106966276358,60,1,0.265343669715357,0.0833333333333333,0.0240932129581015,0.0185062732231022,0.0203608096642687,0.0145316809654941,0.00992718741344121,0.0148293902558251,0.0117920562818739,0.00993152204608505,0.00854486482647776,0.0081870908049981,0.00826281347727614,0.00844142142227613,0.00849717675939222,0.00812911026346249,0.00903363852415232,0.00920071458843889
"61",0.0533333333333333,5.04166666666667,75,4,0.0547945205479452,1.6177367152488,61,0,0.251192007330538,0.0833333333333333,0.0240932129581015,0.0184487306037655,0.0203357166156252,0.0143895562826484,0.00968941928953672,0.0146513725839534,0.0116422403160026,0.00969580095224016,0.00828505038018214,0.00793314223454016,0.00813226980682813,0.00829936097648314,0.00836182980972378,0.0078470612145043,0.00881272282188691,0.00898689893995708
"62",0.0140845070422535,5.125,71,1,0.0141843971631206,1.63413052502447,62,4,0.247654091734333,0.0833333333333333,0.0240932129581015,0.018392305896366,0.0203112617751443,0.0142506785494633,0.00945734599926341,0.0144774074602141,0.0114963932594747,0.0094656478286654,0.00803304605630536,0.00768733183229498,0.00801076426805591,0.0081649180458628,0.00823408322032631,0.00757430644928914,0.00859838053352905,0.00877974155054236
"63",0,5.20833333333333,70,0,0,1.65025990695436,63,1,0.247654091734333,0.0833333333333333,0.0240932129581015,0.0183369597272876,0.0202874198212683,0.014114930863664,0.00923083114448029,0.0143073641088497,0.0113543558967177,0.00924093241496102,0.00778862345554161,0.00744937316940302,0.0078977525282719,0.00803762373077894,0.00811347355947775,0.00731058801882932,0.00839037914891515,0.0085789982755399
"64",0.0285714285714286,5.29166666666667,70,2,0.0289855072463768,1.66613325611065,64,0,0.240578260541924,0.0833333333333333,0.0240932129581015,0.0182826547118203,0.020264166800776,0.0139822020365195,0.00900974159394651,0.0141411170024743,0.0112159775109666,0.00902152743867434,0.00755156035734886,0.00721899108722728,0.0077927270876844,0.00791704251273864,0.00799957009787743,0.00705565203451024,0.00818849597054488,0.00838443544545175
"65",0,5.375,68,0,0,1.68175857401373,65,2,0.240578260541924,0.0833333333333333,0.0240932129581015,0.0182293553242249,0.0202414800353871,0.013852386242472,0.00879394740507522,0.0139785456239263,0.0110811153215402,0.00880730854957862,0.00732164059758176,0.00699592121355807,0.00769521457450179,0.0078027695565163,0.0078919721882665,0.00680924880488861,0.00799251760936738,0.00819582933348234
"66",0.0147058823529412,5.45833333333333,68,1,0.0148148148148148,1.69714349285321,66,0,0.237040344945719,0.0833333333333333,0.0240932129581015,0.0181770277781532,0.0202193380360481,0.0137253826944371,0.00858332174756135,0.0138195342389274,0.010949633965334,0.00859815425526243,0.00709865394374152,0.00677990950091546,0.00760477324916191,0.00769442825400384,0.00779030687844088,0.0065711329562332,0.00780223951242524,0.00801296565564025
"67",0.0149253731343284,5.54166666666667,67,1,0.0150375939849624,1.71229529787381,67,1,0.233502429349514,0.0833333333333333,0.0240932129581015,0.0181256399164527,0.0201977204241551,0.0136010953426038,0.00837774082883879,0.0136639716792183,0.0108214050185311,0.00839394585800967,0.00688239596855434,0.00657071178589108,0.00752099070154921,0.00759166798635435,0.00769422673502739,0.00634106353758711,0.00761746551994603,0.0078356391010209
"68",0,5.625,65.5,0,0,1.72722094809048,68,1,0.233502429349514,0.0833333333333333,0.0240932129581015,0.0180751611094908,0.0201766078590656,0.0134794325947658,0.00817708382132284,0.0135117511358135,0.010696306554939,0.00819456739295112,0.00667266792249269,0.00636809336852333,0.00744348172615488,0.00749416208337658,0.00760340785772931,0.0061188041111204,0.00743800744967763,0.00766365289009284
"69",0.0153846153846154,5.70833333333333,65,1,0.0155038759689922,1.74192709548018,69,0,0.229910084282599,0.0833333333333333,0.0240932129581015,0.018025562161226,0.0201559819713091,0.0133603070564061,0.00798123279139536,0.0133627699620005,0.0105742227377212,0.00799990556746763,0.00646927660576953,0.00617182861074945,0.00737187956223124,0.00740160184353095,0.00751754358233229,0.00590412282853056,0.0072636847064508,0.00749681835899054
"70",0,5.79166666666667,64,0,0,1.75642010278275,70,1,0.229910084282599,0.0833333333333333,0.0240932129581015,0.0179768152223292,0.0201358253009778,0.01324363528892,0.00779007263009069,0.013216929485703,0.0104550434416137,0.00780984970182575,0.00627203424026251,0.00598170055302481,0.00730371166763665,0.00731241433210417,0.00743494655037804,0.00569679249423438,0.0070943239151229,0.00733495456798099
"71",0,5.875,64,0,0,1.77070606003022,71,0,0.229910084282599,0.0833333333333333,0.0240932129581015,0.0179288937097363,0.0201161212408243,0.0131293375845098,0.00760349098544192,0.0130741348308195,0.0103386639030022,0.00762429167102602,0.00608075834176135,0.00579750054824489,0.00723713456674256,0.00722542980717539,0.0073543596131742,0.00549659061607996,0.00692975857521171,0.00717788793242089
"72",0,5.95833333333333,64,0,0,1.78479079991196,72,0,0.229910084282599,0.0833333333333333,0.0240932129581015,0.017881772232069,0.0200968539836524,0.013017337756422,0.00742137819644739,0.0129342947471534,0.010224984395491,0.00744312584784428,0.00589527159287646,0.00561902791214763,0.00717208935110319,0.00714056592358783,0.00727570721296584,0.0053032994442913,0.00676982873566929,0.00702545187465755
"73",0,6.04166666666667,64,0,0,1.79867991207263,73,0,0.229910084282599,0.0833333333333333,0.0240932129581015,0.0178354265204227,0.0200780084736179,0.0129075629433137,0.0072436272286188,0.0127973214485515,0.0101139099288212,0.00726624904704692,0.00571540171689836,0.00544608958941458,0.0071085200781201,0.00705774444785653,0.00719891761418354,0.00511670599934023,0.00661438068837398,0.00687748649545091
"74",0,6.125,63.5,0,0,1.81237875643079,74,0,0.229910084282599,0.0833333333333333,0.0240932129581015,0.0177898333640663,0.0200595703611035,0.0127999434266458,0.00707013361107309,0.0126631304588788,0.010005349969198,0.00709356047076004,0.00554098135285523,0.00527849983472753,0.00704637358330558,0.00697689100203089,0.00712392266153751,0.00493660208942213,0.00646326667903528,0.006733838263607
"75",0,6.20833333333333,63,0,0,1.82589247559751,75,0,0.229910084282599,0.0833333333333333,0.0240932129581015,0.0177449705506429,0.0200415259608601,0.0126944124600969,0.00690079537513097,0.0125316404654609,0.0098992181792725,0.00692496165497368,0.00537184793197921,0.00511607990807399,0.00698559930679581,0.00689793482662248,0.00705065755642159,0.00476278431819229,0.00631634463431247,0.00659435972261641
"76",0,6.29166666666667,63,0,0,1.83922600646698,76,0,0.229910084282599,0.0833333333333333,0.0240932129581015,0.0177008168105018,0.0200238622131397,0.0125909061100808,0.00673551299438614,0.0124027731796422,0.0097954321761795,0.00676035641716143,0.00520784355575951,0.00495865778362949,0.00692614913285786,0.00682080856095308,0.00697906065002018,0.00459505408339996,0.00617347790404459,0.00645890921318539
"77",0,6.375,62.5,0,0,1.85238409104449,77,0,0.229910084282599,0.0833333333333333,0.0240932129581015,0.0176573517648253,0.020006566647569,0.0124893631065273,0.00657418932620988,0.0122764532041144,0.00969391330618714,0.00659965080499652,0.00504881487573247,0.00480606988481594,0.00686797724125872,0.0067454480394369,0.00690907325167001,0.00443321463134258,0.00603453501757691,0.00632735061063279
"78",0,6.45833333333333,31,0,0,1.8653712865713,78,0,0.229910084282599,0.0833333333333333,0.0240932129581015,0.0176145558772458,0.0199896273495397,0.0123897247031618,0.00641672955465673,0.0121526079066851,0.00959458643463791,0.00644275304614509,0.00489461297513355,0.00465816642477899,0.00681103996947891,0.00667179210245741,0.00684063945117271,0.0042770629687249,0.00589938945324986,0.00619955307620456
